kickX,kickZ,kickAngle,goalZ,Outcome,KickPleas,KickArou,GoalPleas,GoalArou
1.081044,0.113477,27,-0.404326,O,-0.652644,-0.096873,0.5,-0.472556
1.05888,0.074415,6,0.00431,G,0.575382,0.716078,-1,0.986295
1.102871,0.129391,36,-0.254897,O,-0.804122,-0.490718,0.5,0.077343
1.085764,0.114677,27,-0.200516,O,-0.66196,-0.121096,0.5,0.271378
1.050561,-0.055307,-36,-0.501888,O,-0.743523,-0.333159,0.5,-0.823848
1.073799,0.09809,21,-0.199018,O,-0.54884,0.173017,0.5,0.276584
1.05681,0.08447,9,0.495783,G,1,0.646077,-1,-0.806362
1.055084,0.078483,6,-0.404758,G,0.359853,0.77518,-1,-0.471807
1.051469,0.050503,-3,0.497955,G,0.458796,0.730583,-1,-0.813872
1.040942,0.006418,-18,-0.204355,G,1,0.449083,-1,0.25907
1.086617,0.120593,30,-0.00149,O,-0.732858,-0.30543,0.5,0.995119
1.094469,0.115613,30,0.348476,O,-0.713373,-0.25477,0.5,-0.26672
1.063469,0.087148,15,0.145879,G,1,0.407984,-1,0.470305
1.042358,0.034799,-9,0.100471,G,0.320465,0.739294,-1,0.634641
1.063125,0.094494,15,-0.50177,D,-0.3,0.424044,1,-0.823548
1.042792,0.026823,-12,0.150735,G,0.437262,0.630429,-1,0.451127
1.042657,0.026247,-12,-0.053116,G,1,0.544438,-1,0.806615
1.053509,-0.030227,-30,0.152515,O,-0.643619,-0.073409,0.5,0.447006
1.092518,0.120815,30,0.248814,O,-0.696447,-0.210763,0.5,0.09559
1.091359,0.118612,33,0.400353,O,-0.744369,-0.335358,0.5,-0.45725
1.079283,0.105126,24,-0.254086,O,-0.607687,0.020013,0.5,0.070966
1.045331,0.028359,-9,-0.396501,G,1,0.750195,-1,-0.441588
1.060815,0.084311,12,-0.104476,G,0.924216,0.43338,-1,0.619955
1.040052,0.007836,-18,0.25036,G,0.751627,0.373912,-1,0.089911
1.073465,0.159704,15,0.450781,G,1,0.506487,-1,-0.638706
1.0581,-0.051665,-36,-0.101777,O,-0.726654,-0.289299,0.5,0.627923
1.045189,0.038193,-6,0.445684,G,0.615776,0.862171,-1,-0.62079
1.05866,0.071991,6,-0.102646,G,0.495336,0.649398,-1,0.625693
1.050282,-0.047403,-36,0.397994,O,-0.782745,-0.435137,0.5,-0.449712
1.045348,0.049752,-3,-0.401675,G,0.882435,0.960394,-1,-0.460404
1.053826,0.059039,0,0.40401,G,0.9093,0.949279,-1,-0.468833
1.075247,0.102811,21,0.153734,O,-0.590642,0.064332,0.5,0.440898
1.041714,0.008958,-15,-0.446093,G,1,0.487543,-1,-0.623905
1.047635,0.0586,0,-0.352473,G,0.594118,0.944508,-1,-0.282001
1.051354,-0.046699,-36,-0.096375,O,-0.750243,-0.350632,0.5,0.649149
1.059035,0.078887,9,-0.201765,G,0.458207,0.568986,-1,0.265779
1.046365,0.039265,-6,0.398732,G,0.521521,0.861955,-1,-0.450203
1.066402,0.08763,12,0.400366,G,1,0.510284,-1,-0.453196
1.010329,0.0234,-30,0.050101,O,-0.604407,0.028542,0.5,0.821183
1.040691,0.017326,-15,-0.254769,G,1,0.500308,-1,0.074573
1.043784,0.033033,-9,0.048931,G,0.445962,0.72791,-1,0.821423
1.04592,-0.030609,-30,-0.295406,O,-0.660875,-0.118274,0.5,-0.072874
1.050733,-0.041527,-33,-0.104876,O,-0.677244,-0.160835,0.5,0.620794
1.05844,-0.05123,-36,0.401771,O,-0.83088,-0.560288,0.5,-0.457746
1.041084,-0.002602,-21,0.503526,O,-0.54664,0.178736,0.5,-0.829823
1.08878,0.174287,24,-0.003522,O,-0.608105,0.018928,0.5,0.987771
1.051037,-0.036063,-30,-0.450879,O,-0.647173,-0.082649,0.5,-0.637171
1.050943,-0.050289,-36,0.354791,O,-0.752613,-0.356795,0.5,-0.288099
1.066299,0.095353,18,0.204107,G,1,0.422597,-1,0.256478
1.040188,0.007224,-18,-0.253541,G,1,0.401692,-1,0.078048
1.054016,0.080553,9,0.004927,G,0.768647,0.620721,-1,0.981656
1.094143,0.117996,30,0.301653,O,-0.693126,-0.202128,0.5,-0.096159
1.045775,-0.007061,-21,-0.355049,O,-0.550706,0.168166,0.5,-0.289707
1.040806,-0.003031,-21,-0.150529,R,-0.4,0.387797,0.650617,0.452301
1.078341,0.102028,21,-0.504926,O,-0.562689,0.137007,0.5,-0.807589
1.048741,0.068322,3,-0.246843,D,-0.3,0.854004,1,0.097183
1.054722,0.073902,6,-0.301644,D,-0.3,0.712878,1,-0.10096
1.046473,0.031036,-9,0.454091,G,0.389925,0.741049,-1,-0.650596
1.058227,0.151513,12,0.497013,G,1,0.517452,-1,-0.807635
1.040729,0.025853,-12,-0.198539,G,1,0.60841,-1,0.276527
1.059614,0.071044,6,0.5021,G,1,0.729732,-1,-0.827034
1.073179,0.096476,18,0.503734,G,1,0.382423,-1,-0.835801
1.066968,0.093445,15,0.199486,G,1,0.398186,-1,0.273791
1.042081,-0.005427,-21,0.099755,R,-0.4,0.293105,0.599733,0.637335
1.000155,0.004017,-33,-0.200257,O,-0.699681,-0.219172,0.5,0.271387
1.048172,-0.00926,-21,0.45228,O,-0.544596,0.18405,0.5,-0.644994
1.042481,-0.015823,-24,0.44632,R,-0.4,0.258491,0.947363,-0.626774
1.076691,0.107324,24,0.451759,O,-0.584851,0.079388,0.5,-0.64282
1.057203,0.077722,9,-0.346696,D,-0.3,0.627489,1,-0.260215
1.049383,-0.019793,-24,0.000048,O,-0.547261,0.177122,0.5,0.998882
1.089715,0.108098,27,0.10411,O,-0.692224,-0.199783,0.5,0.61807
1.046614,-0.001465,-21,-0.304096,O,-0.559423,0.145501,0.5,-0.107213
1.041729,0.009808,-15,-0.402289,G,1,0.541263,-1,-0.464066
1.047204,0.022718,-12,0.304776,D,-0.3,0.651868,1,-0.109204
1.038815,0.045126,-6,-0.248154,G,1,0.696073,-1,0.098984
1.076799,0.105213,24,0.046389,O,-0.603773,0.030189,0.5,0.83138
1.043189,-0.018864,-24,-0.497989,O,-0.549843,0.170409,0.5,-0.81121
1.046268,-0.011397,-24,0.10443,O,-0.544298,0.184824,0.5,0.620723
1.10051,0.120607,36,0.046726,O,-0.796563,-0.471064,0.5,0.831646
1.101963,0.11927,33,0.047361,O,-0.755271,-0.363706,0.5,0.82792
1.070393,0.100695,21,-0.004821,O,-0.549256,0.171933,0.5,0.982466
1.048292,-0.032755,-30,-0.051165,O,-0.649661,-0.089118,0.5,0.813278
1.055252,-0.053195,-36,0.197953,O,-0.718679,-0.268566,0.5,0.279499
1.053151,-0.034669,-30,0.245554,O,-0.638234,-0.059408,0.5,0.104731
1.051723,0.042157,-6,0.40423,G,0.463636,0.827476,-1,-0.470334
1.088393,0.114696,27,0.048595,O,-0.647312,-0.083011,0.5,0.823578
1.092618,0.117256,30,0.39667,O,-0.621969,-0.017119,0.5,-0.439861
1.047729,0.00034,-18,-0.10135,R,-0.4,0.380538,0.601024,0.63264
1.046214,-0.012587,-24,0.447484,O,-0.552004,0.164789,0.5,-0.627335
1.043294,0.049577,-3,-0.150494,G,0.437919,0.9316,-1,0.452512
1.051972,0.065929,3,-0.295287,G,0.516691,0.962664,-1,-0.075206
1.093125,0.12369,33,0.500246,O,-0.753338,-0.358678,0.5,-0.822836
1.056507,0.06966,3,0.047041,G,0.404183,0.843913,-1,0.83271
1.050943,-0.050408,-36,0.046609,O,-0.71495,-0.258871,0.5,0.828449
1.077929,0.099112,21,-0.35066,O,-0.545224,0.182418,0.5,-0.275011
1.052514,-0.044609,-33,0.499206,O,-0.678109,-0.163082,0.5,-0.819128
1.048208,-0.019256,-24,0.149867,O,-0.548432,0.174077,0.5,0.456139
1.052495,0.060478,0,0.496888,G,1,0.936918,-1,-0.806697
1.045828,-0.034116,-30,-0.00219,O,-0.646074,-0.079793,0.5,0.990222
1.054564,0.074641,6,-0.3463,G,0.251872,0.779602,-1,-0.259396
1.093937,0.121371,30,0.047402,O,-0.717063,-0.264364,0.5,0.830168
1.078308,0.103486,24,-0.504457,O,-0.609048,0.016476,0.5,-0.834092
1.050609,0.133466,3,0.498223,G,1,0.920494,-1,-0.813934
1.076469,0.104208,24,0.34586,O,-0.598305,0.044408,0.5,-0.257021
1.050799,-0.015354,-24,-0.396972,O,-0.548477,0.17396,0.5,-0.44054
1.096588,0.178555,27,-0.14529,O,-0.650086,-0.090225,0.5,0.471606
1.093669,0.120801,30,-0.299152,O,-0.718193,-0.267303,0.5,-0.090195
1.076885,0.106093,24,0.198512,O,-0.627394,-0.031224,0.5,0.278313
1.09432,0.122078,33,-0.051078,O,-0.760381,-0.37699,0.5,0.815647
1.050287,0.056879,-3,0.499087,G,1,0.972227,-1,-0.813731
1.055236,0.075763,6,-0.348378,G,0.436301,0.869619,-1,-0.267389
1.072519,0.09788,21,0.499273,O,-0.541158,0.192989,0.5,-0.821046
1.049093,0.067728,3,0.196903,G,0.729348,0.832322,-1,0.28365
1.100796,0.12735,36,-0.146509,O,-0.779998,-0.427994,0.5,0.463704
1.090317,0.1158,27,0.051699,O,-0.65878,-0.112829,0.5,0.811461
1.059699,0.076219,6,0.497612,G,1,0.680145,-1,-0.809975
1.093048,0.124832,33,0.404358,O,-0.756397,-0.366633,0.5,-0.473733
1.051487,0.070557,3,-0.453173,G,0.477832,0.785389,-1,-0.649189
1.048104,0.067717,3,0.297069,G,0.971992,0.810984,-1,-0.079928
1.095075,0.115954,30,0.44521,O,-0.70018,-0.220468,0.5,-0.619288
1.061799,0.08911,12,0.452874,G,1,0.491089,-1,-0.648817
1.093118,0.118908,30,0.399115,O,-0.700176,-0.220459,0.5,-0.451133
1.051978,-0.037687,-30,-0.452854,O,-0.622681,-0.018971,0.5,-0.646706
1.049792,0.040528,-6,-0.351332,G,1,0.846638,-1,-0.277815
1.096221,0.124802,33,0.0456,O,-0.752153,-0.355598,0.5,0.831963
1.044688,-0.010435,-21,0.449509,R,-0.4,0.386433,0.05056,-0.634327
1.044489,0.047503,-3,0.000973,D,-0.3,0.985456,1,0.998322
1.046091,-0.01909,-24,-0.400179,O,-0.550791,0.167944,0.5,-0.459072
1.042503,0.006064,-18,0.151103,G,0.905492,0.395775,-1,0.449167
1.140129,0.184138,36,0.196182,O,-0.722073,-0.277389,0.5,0.289311
1.053288,-0.054975,-36,0.397565,O,-0.696222,-0.210176,0.5,-0.449256
1.046184,-0.029914,-30,0.351388,O,-0.653077,-0.097999,0.5,-0.279953
1.043061,0.04378,-6,-0.352971,G,1,0.841206,-1,-0.283499
1.046788,-0.016935,-24,-0.20298,O,-0.586323,0.07556,0.5,0.260106
1.053522,0.064253,3,0.503863,G,1,0.815233,-1,-0.834059
1.049389,0.057352,-3,-0.152779,G,0.556478,0.874755,-1,0.443658
1.044499,0.02937,-9,-0.196407,G,0.942022,0.725595,-1,0.285068
1.048436,-0.035093,-30,0.349324,O,-0.657992,-0.110779,0.5,-0.273385
1.066613,0.099046,18,-0.201712,D,-0.3,0.309347,1,0.26747
1.048854,0.018382,-12,0.147389,G,0.581712,0.562261,-1,0.46588
1.082862,0.110613,27,0.299786,O,-0.574936,0.105166,0.5,-0.093041
1.081704,0.10792,24,0.304909,O,-0.626502,-0.028906,0.5,-0.109042
1.054921,0.071815,6,-0.045528,G,0.546522,0.681075,-1,0.83395
1.081371,0.110373,24,-0.395417,O,-0.563643,0.134528,0.5,-0.437199
1.047862,0.023129,-12,-0.297217,G,1,0.630797,-1,-0.080851
1.05497,-0.053336,-36,-0.054307,O,-0.690941,-0.196447,0.5,0.801671
1.102001,0.123027,33,-0.24817,O,-0.755228,-0.363594,0.5,0.099185
1.101699,0.129458,36,0.254405,O,-0.793876,-0.464079,0.5,0.075219
1.053024,0.071126,6,0.300356,G,1,0.727711,-1,-0.09058
1.043387,0.054445,-3,-0.345263,G,0.794861,0.947655,-1,-0.254858
1.040903,-0.001284,-18,0.200168,G,0.840498,0.380253,-1,0.274552
1.052604,0.076751,6,-0.15337,D,-0.3,0.760733,1,0.443667
1.088757,0.115586,30,-0.400719,O,-0.705427,-0.234111,0.5,-0.460792
1.041322,0.017168,-15,-0.502879,G,1,0.567831,-1,-0.827377
1.049977,-0.020121,-27,0.001342,O,-0.558153,0.148803,0.5,0.992241
1.102434,0.125986,36,-0.048689,O,-0.814488,-0.517668,0.5,0.824442
1.069165,0.087562,15,0.503786,G,1,0.385341,-1,-0.833919
1.065423,0.090534,15,0.297956,G,1,0.392168,-1,-0.084291
1.104317,0.126823,36,-0.252734,O,-0.823516,-0.541142,0.5,0.079383
1.064072,0.080943,12,-0.301698,G,0.410418,0.492857,-1,-0.097942
1.044245,0.009625,-15,0.447531,D,-0.3,0.550357,1,-0.627568
1.055266,0.071093,3,-0.403813,G,0.249502,0.721067,-1,-0.467941
1.045083,0.041348,-6,0.303856,G,0.374787,0.883529,-1,-0.104959
1.081665,0.112706,27,-0.345988,O,-0.63117,-0.041041,0.5,-0.260999
1.046726,-0.038818,-33,-0.504224,O,-0.708881,-0.243091,0.5,-0.823155
1.062867,0.090485,15,-0.200848,G,0.819054,0.390338,-1,0.272234
1.051683,0.053895,-3,-0.099239,G,0.36067,0.91873,-1,0.639764
1.047701,0.015904,-15,-0.004041,G,0.972592,0.517461,-1,0.986337
1.058679,0.08445,9,-0.254231,G,0.408199,0.541593,-1,0.075246
1.072041,0.100174,21,-0.495401,O,-0.56738,0.124811,0.5,-0.800808
1.045542,-0.020164,-27,-0.003286,O,-0.600083,0.039784,0.5,0.989127
1.042792,-0.026818,-27,-0.053819,O,-0.612808,0.006699,0.5,0.806919
1.094927,0.122026,33,-0.146575,O,-0.757807,-0.370298,0.5,0.469682
1.075468,0.103374,21,0.395109,O,-0.553995,0.159612,0.5,-0.437065
1.047679,0.013151,-15,0.299223,G,0.358099,0.522187,-1,-0.086412
1.043499,0.002837,-18,0.299171,G,0.62538,0.388585,-1,-0.086274
1.047183,0.048208,-3,-0.099533,G,0.323353,0.937895,-1,0.637923
1.043165,-0.004403,-21,-0.251073,R,-0.4,0.304358,0.7512,0.086545
1.011838,0.042439,-24,0.102374,R,-0.4,0.237878,0.602629,0.626805
1.048589,-0.003924,-21,-0.35484,O,-0.562656,0.137094,0.5,-0.28868
1.048176,0.004557,-18,-0.448989,R,-0.4,0.258797,0.051068,-0.63248
1.019567,0.082098,-12,-0.1021,G,0.917485,0.643581,-1,0.627914
1.095477,0.174556,27,-0.054446,O,-0.644083,-0.074617,0.5,0.798885
1.048188,-0.034247,-30,-0.098777,O,-0.636938,-0.056039,0.5,0.644055
1.043349,0.012152,-15,-0.354392,G,1,0.400617,-1,-0.28891
1.049195,0.032673,-9,0.201089,D,-0.3,0.76193,1,0.267705
1.094178,0.123165,33,0.149621,O,-0.760329,-0.376854,0.5,0.455398
1.097684,0.179263,27,0.000628,O,-0.660311,-0.116808,0.5,0.994776
1.058774,0.071803,6,-0.403902,G,0.283332,0.73783,-1,-0.468495
1.080128,0.11061,24,0.354924,O,-0.556632,0.152758,0.5,-0.289267
1.048956,-0.018364,-24,0.502355,R,-0.4,0.240453,1.003938,-0.8325
1.050793,-0.0309,-30,-0.146359,O,-0.652526,-0.096569,0.5,0.46808
1.079064,0.096771,21,0.095427,O,-0.561666,0.139668,0.5,0.65127
1.066146,0.084441,12,-0.096794,G,0.758389,0.524719,-1,0.650595
1.050656,-0.0519,-36,-0.450876,O,-0.704153,-0.230799,0.5,-0.64004
1.047717,0.038981,-6,0.05084,G,0.339242,0.779589,-1,0.815307
1.058559,0.088786,15,0.496845,G,1,0.387219,-1,-0.806646
1.094755,0.117371,33,-0.2534,O,-0.746984,-0.342157,0.5,0.078009
1.049694,0.069016,3,0.147414,G,0.753336,0.770725,-1,0.464025
1.049742,0.039027,-6,-0.352548,G,1,0.775396,-1,-0.285298
1.041324,-0.006839,-21,0.000112,R,-0.4,0.316481,0.499171,0.996986
1.009536,0.050684,-21,-0.497598,O,-0.587634,0.072152,0.5,-0.812937
1.048385,-0.010675,-24,0.300615,R,-0.4,0.314328,0.200014,-0.090857
1.010737,0.042884,-24,-0.048406,O,-0.544742,0.18367,0.5,0.824078
1.072388,0.098709,21,-0.446498,O,-0.594323,0.054761,0.5,-0.624933
1.062308,0.094053,15,-0.404116,G,0.398199,0.396721,-1,-0.469743
1.058683,-0.048979,-36,-0.301656,O,-0.710656,-0.247705,0.5,-0.097093
1.043358,-0.023376,-27,0.003168,O,-0.581435,0.08827,0.5,0.988389
1.078247,0.102696,24,-0.396101,D,-0.3,0.291322,1,-0.440978
1.057826,0.084225,9,0.149287,G,1,0.571989,-1,0.458606
1.099366,0.123975,33,-0.045733,O,-0.761802,-0.380684,0.5,0.833196
1.093876,0.121561,33,-0.499061,O,-0.758675,-0.372554,0.5,-0.815788
1.052576,-0.028802,-30,0.051299,O,-0.636484,-0.054858,0.5,0.813375
1.068049,0.08775,15,0.399186,G,1,0.411539,-1,-0.455438
1.07115,0.098214,18,-0.201647,O,-0.590596,0.064451,0.5,0.263985
1.107787,0.124226,36,0.447656,O,-0.820045,-0.532116,0.5,-0.628311
1.052734,0.060859,0,0.295359,G,0.719808,0.935557,-1,-0.074403
1.047728,-0.045135,-33,-0.198694,O,-0.703413,-0.228873,0.5,0.276907
1.05091,0.058765,0,-0.100563,D,-0.3,0.923866,1,0.634951
1.095054,0.122833,33,0.003885,O,-0.762701,-0.383022,0.5,0.985701
1.104278,0.122951,36,0.004917,O,-0.80627,-0.496302,0.5,0.981776
1.079655,0.104933,24,0.351153,O,-0.611007,0.011381,0.5,-0.278999
1.047552,0.011761,-15,0.254739,G,0.451281,0.519588,-1,0.073558
1.075206,0.105394,24,-0.348823,O,-0.640799,-0.066077,0.5,-0.268406
1.049006,-0.021335,-27,-0.002191,O,-0.572767,0.110806,0.5,0.989859
1.045533,0.027247,-12,-0.503588,G,1,0.653683,-1,-0.833329
1.097633,0.117904,33,0.253699,O,-0.746119,-0.33991,0.5,0.079221
1.073219,0.105121,21,0.204477,O,-0.559194,0.146095,0.5,0.259412
1.048928,0.034937,-9,-0.39768,G,1,0.769803,-1,-0.44797
1.058668,0.08258,12,0.396582,G,1,0.515773,-1,-0.444545
1.050561,0.03324,-9,-0.397987,G,1,0.858003,-1,-0.44727
1.042509,-0.006362,-21,-0.346531,R,-0.4,0.36139,0.846956,-0.261659
1.083977,0.10978,27,0.445084,O,-0.66068,-0.117767,0.5,-0.620127
1.050594,-0.045164,-33,-0.102681,O,-0.695557,-0.208449,0.5,0.624039
1.106173,0.121125,36,0.501984,O,-0.794074,-0.464591,0.5,-0.826173
1.042187,0.014661,-15,-0.054721,G,1,0.510129,-1,0.801391
1.04961,0.058452,0,0.250842,G,0.59427,0.953568,-1,0.088353
1.017266,0.067954,-15,-0.053462,R,-0.4,0.380313,0.553413,0.805771
1.038584,0.129797,3,-0.304631,G,0.298122,0.844525,-1,-0.107402
1.046148,0.065809,0.000000,-0.499012,G,0.929748,0.965515,-0.464874,-0.815849
1.064132,0.080832,10.000000,-0.051078,G,0.777174,0.559711,-0.388587,0.811991
1.089158,0.108725,28.000000,-0.298108,O,-0.675019,-0.155048,0.798042,-0.083790
1.092820,0.170593,24.000000,0.197286,O,-0.596596,0.048851,0.302785,0.282856
1.068187,0.088680,14.000000,0.195037,G,1.000000,0.434104,-0.761029,0.290424
1.078495,0.107978,22.000000,-0.200507,O,-0.564087,0.133374,0.699848,0.273281
1.049769,-0.044957,-34.000000,-0.503452,O,-0.697109,-0.212484,-0.003273,-0.830084
1.074130,0.100893,20.000000,0.401011,L,-0.400000,0.244078,0.099382,-0.456792
1.073856,0.159018,14.000000,-0.097154,L,-0.400000,0.388019,0.597387,0.645864
1.102052,0.117874,34.000000,0.454629,O,-0.749923,-0.349800,0.045736,-0.651868
1.040406,-0.003573,-20.000000,0.096298,R,-0.400000,0.377288,0.596698,0.648371
1.076046,0.099712,22.000000,-0.446003,O,-0.572081,0.112590,0.945678,-0.620647
1.054162,-0.042740,-34.000000,-0.204121,O,-0.732653,-0.304898,0.296004,0.258196
1.082721,0.108067,24.000000,-0.254723,O,-0.624874,-0.024673,0.755221,0.071923
1.042949,0.007442,-16.000000,-0.402736,G,1.000000,0.472856,-0.929661,-0.463698
1.047406,0.057066,-2.000000,0.298143,G,0.531193,0.966774,-0.265597,-0.086628
1.042191,0.038916,-8.000000,-0.149866,G,0.775442,0.761182,-0.387721,0.458533
1.053797,0.057505,0.000000,0.247607,G,0.664353,0.915602,-0.332176,0.098989
1.039331,-0.012823,-22.000000,0.495559,O,-0.547780,0.175771,0.996325,-0.804817
1.046863,-0.005341,-22.000000,-0.099597,R,-0.400000,0.251093,0.400323,0.637538
1.100165,0.129007,36.000000,-0.097381,O,-0.802507,-0.486519,0.597204,0.646530
1.048958,-0.018954,-26.000000,-0.152859,O,-0.592411,0.059731,0.346627,0.442281
1.047197,0.040282,-8.000000,-0.197074,G,0.743547,0.825375,-0.371773,0.283096
1.040885,0.014581,-14.000000,0.251025,G,0.432631,0.532639,-0.216316,0.087109
1.044688,-0.000938,-18.000000,0.298116,G,0.600298,0.401630,-0.300149,-0.084438
1.054103,-0.033836,-30.000000,-0.354495,O,-0.638354,-0.059720,0.145375,-0.289546
1.075449,0.108233,24.000000,0.047075,O,-0.587678,0.072038,0.453050,0.829271
1.054611,0.063884,0.000000,0.302688,G,0.795259,0.905112,-0.397629,-0.100878
1.076292,0.103779,22.000000,-0.002965,L,-0.400000,0.265788,0.502489,0.990950
1.057786,0.148006,10.000000,0.103173,G,1.000000,0.594114,-0.509095,0.624695
1.048554,-0.013279,-24.000000,0.403850,O,-0.550261,0.169321,0.904145,-0.469618
1.047298,-0.006559,-20.000000,0.297404,R,-0.400000,0.381601,0.797283,-0.081028
1.049993,-0.019869,-24.000000,0.396769,R,-0.400000,0.224790,0.897229,-0.444470
1.042367,0.003503,-18.000000,-0.504220,G,1.000000,0.424446,-1.000000,-0.835182
1.100126,0.124319,36.000000,-0.098252,O,-0.827393,-0.551221,0.599772,0.637194
1.060578,0.090209,14.000000,0.154593,G,1.000000,0.434888,-0.718959,0.440555
1.046595,0.009940,-16.000000,-0.198337,G,1.000000,0.509631,-0.689436,0.276120
1.042322,-0.022632,-26.000000,-0.496616,O,-0.576035,0.102310,0.003605,-0.805071
1.051625,0.047428,-6.000000,0.250795,G,0.244930,0.871507,-0.122465,0.087428
1.047402,0.005221,-16.000000,-0.002022,G,0.973268,0.515445,-0.486634,0.992440
1.041916,-0.006178,-20.000000,-0.001687,R,-0.400000,0.260597,0.498665,0.995147
0.998576,0.002921,-34.000000,0.298814,O,-0.723689,-0.281592,0.798251,-0.084550
1.038869,0.002753,-18.000000,0.252475,R,-0.400000,0.353937,0.752698,0.081098
1.009774,0.035604,-26.000000,-0.203013,O,-0.624374,-0.023372,0.296716,0.260787
1.053759,0.070528,6.000000,-0.347149,D,-0.300000,0.746045,1.000000,-0.263767
1.071714,0.103895,20.000000,0.445590,L,-0.400000,0.284859,0.054529,-0.619894
1.047095,0.138574,6.000000,-0.149272,G,0.347202,0.676961,-0.173601,0.456588
1.070049,0.103289,20.000000,-0.502489,L,-0.400000,0.248510,1.002300,-0.826545
1.036793,0.135276,2.000000,-0.445653,G,0.648138,0.878225,-0.324069,-0.621251
1.052232,0.052555,-2.000000,0.403202,G,0.810245,0.998022,-0.405123,-0.465979
1.046599,-0.031420,-28.000000,-0.502473,O,-0.585703,0.077173,-0.002509,-0.827306
1.076974,0.104279,20.000000,0.250769,O,-0.566356,0.127474,0.248911,0.086948
1.099737,0.119443,34.000000,-0.152840,O,-0.762216,-0.381763,0.652947,0.443830
1.050912,0.058832,-2.000000,0.198046,G,0.298503,0.951966,-0.149252,0.282598
1.049125,-0.044048,-34.000000,0.246766,O,-0.717730,-0.266098,0.747036,0.101687
1.049300,-0.009368,-22.000000,0.403205,R,-0.400000,0.306380,0.903614,-0.467687
1.053328,0.147321,10.000000,0.202027,G,1.000000,0.556921,-0.645497,0.263935
1.044836,0.039846,-6.000000,-0.354963,G,1.000000,0.825875,-0.529313,-0.291592
1.041052,0.002653,-20.000000,0.148934,R,-0.400000,0.382659,0.648701,0.459270
1.043456,-0.022154,-28.000000,-0.102464,O,-0.658185,-0.111280,0.397475,0.627182
1.051670,0.066840,2.000000,-0.200916,D,-0.300000,0.838798,1.000000,0.269165
1.070443,0.098025,20.000000,-0.449901,L,-0.400000,0.238303,0.949875,-0.635908
1.003375,-0.000363,-34.000000,-0.097718,O,-0.714709,-0.258242,0.402128,0.644103
1.050428,-0.012686,-22.000000,0.301023,R,-0.400000,0.243054,0.800703,-0.093465
1.029075,0.116245,-4.000000,-0.048175,D,-0.300000,0.938056,1.000000,0.824254
1.050281,0.047325,-4.000000,0.452532,G,0.255720,0.675371,-0.127860,-0.645416
1.047603,0.008330,-16.000000,-0.097131,G,1.000000,0.463905,-0.633048,0.647445
1.060480,0.087660,14.000000,0.346057,G,1.000000,0.425882,-0.920265,-0.258715
1.040602,-0.007291,-20.000000,-0.153863,R,-0.400000,0.345958,0.345750,0.439091
1.005080,0.017549,-28.000000,-0.349428,O,-0.607546,0.020381,0.150540,-0.270763
1.076032,0.102096,24.000000,0.302743,O,-0.598337,0.044325,0.197248,-0.100918
1.048780,-0.043058,-32.000000,-0.047146,O,-0.672428,-0.148313,0.452931,0.828841
1.044343,-0.029583,-28.000000,-0.399804,O,-0.598171,0.044756,0.100172,-0.453919
1.088065,0.113320,28.000000,0.245538,O,-0.691924,-0.199003,0.253868,0.104974
1.064558,0.099760,18.000000,0.004790,L,-0.400000,0.373298,0.495007,0.981844
1.082359,0.117927,28.000000,0.200587,O,-0.664475,-0.127635,0.299011,0.269131
1.043924,-0.011218,-24.000000,0.448784,O,-0.550247,0.169357,0.947636,-0.627769
1.062551,0.082808,12.000000,0.199980,G,1.000000,0.492197,-0.708605,0.269810
1.079542,0.105402,22.000000,-0.497680,O,-0.559833,0.144435,0.997850,-0.810365
1.056152,0.072240,4.000000,0.495438,G,1.000000,0.859607,-0.635685,-0.801063
1.041973,-0.007584,-20.000000,-0.349897,R,-0.400000,0.334067,0.149701,-0.273815
1.021709,0.097231,-8.000000,0.154050,D,-0.300000,0.766402,1.000000,0.440104
1.043330,-0.020647,-26.000000,0.303452,O,-0.623159,-0.020214,0.803375,-0.103182
1.048767,0.008398,-16.000000,0.445980,D,-0.300000,0.525362,1.000000,-0.623388
1.047111,0.044021,-6.000000,0.498350,G,0.722896,0.863245,-0.361448,-0.811646
1.062824,0.082769,12.000000,0.445303,G,1.000000,0.633318,-0.812364,-0.620663
1.008749,0.033094,-26.000000,-0.399942,O,-0.632223,-0.043781,0.100740,-0.451856
1.096423,0.127766,34.000000,-0.454394,O,-0.758618,-0.372407,0.954439,-0.652505
1.047965,-0.042172,-32.000000,-0.496857,O,-0.661656,-0.120306,0.003869,-0.804112
1.017236,0.111363,-4.000000,-0.196518,G,0.629669,0.881078,-0.314835,0.287592
1.053903,0.072943,6.000000,-0.348145,G,0.305981,0.804627,-0.152991,-0.266776
1.056488,-0.049575,-36.000000,-0.500109,O,-0.766180,-0.392069,0.000013,-0.818133
1.054465,0.065242,0.000000,0.351138,G,0.730345,0.985839,-0.365172,-0.276406
1.046273,-0.035124,-32.000000,0.349282,O,-0.677403,-0.161249,0.849593,-0.271249
1.081982,0.114615,28.000000,-0.398310,O,-0.647044,-0.082315,0.898672,-0.449718
1.069673,0.102476,20.000000,-0.352303,L,-0.400000,0.232977,0.852273,-0.280992
1.054174,-0.036536,-30.000000,-0.397167,O,-0.679368,-0.166358,0.102852,-0.444175
1.076752,0.106119,24.000000,-0.498096,O,-0.594257,0.054932,0.998318,-0.812064
1.058620,0.087012,12.000000,0.095667,G,1.000000,0.518005,-0.577148,0.653989
1.051149,-0.016836,-26.000000,0.200521,O,-0.548468,0.173984,0.699822,0.273374
1.065641,0.095386,16.000000,-0.152458,G,0.809289,0.442839,-0.404645,0.445395
1.074161,0.097825,20.000000,-0.295393,L,-0.400000,0.243987,0.795158,-0.073302
1.009941,0.050124,-22.000000,-0.495496,R,-0.400000,0.314028,0.004663,-0.801224
1.002710,0.024524,-28.000000,0.202977,O,-0.629162,-0.035822,0.703119,0.261386
1.049319,-0.040526,-32.000000,0.303748,O,-0.680883,-0.170295,0.804089,-0.105779
1.053497,0.085070,10.000000,0.148782,G,1.000000,0.529888,-0.618502,0.460401
1.044368,-0.023929,-28.000000,-0.154751,O,-0.623787,-0.021847,0.345796,0.439259
1.048646,-0.009859,-22.000000,0.146354,O,-0.570285,0.117259,0.646146,0.468559
1.059552,0.091302,14.000000,-0.045049,G,1.000000,0.452019,-0.502422,0.834330
1.046010,-0.031482,-28.000000,0.498585,O,-0.597506,0.046485,0.999429,-0.816104
1.058499,0.085330,12.000000,0.145623,G,1.000000,0.579843,-0.565616,0.471057
1.043039,0.039681,-6.000000,0.454234,G,0.560904,0.826302,-0.280452,-0.651456
1.105711,0.123622,36.000000,-0.300668,O,-0.815928,-0.521412,0.799953,-0.090738
1.042380,0.010836,-16.000000,-0.352558,G,1.000000,0.484438,-0.868590,-0.283740
1.011075,0.064653,-18.000000,-0.453466,G,1.000000,0.483341,-0.970164,-0.649107
1.046031,0.023631,-12.000000,-0.504502,G,1.000000,0.612697,-0.891688,-0.834129
1.058048,-0.048695,-36.000000,0.395577,O,-0.732551,-0.304631,0.895576,-0.438457
1.099555,0.127530,34.000000,-0.299925,O,-0.765536,-0.390392,0.799984,-0.090850
1.052206,-0.041346,-32.000000,0.203752,O,-0.667243,-0.134832,0.703620,0.259565
1.052285,-0.032252,-28.000000,-0.150640,O,-0.606764,0.022413,0.349509,0.452761
1.042636,-0.019291,-24.000000,-0.349926,O,-0.564298,0.132824,0.150168,-0.272116
1.045858,0.049890,-4.000000,0.251335,G,0.399888,0.948480,-0.199944,0.085585
1.048923,-0.014629,-24.000000,0.052941,O,-0.551137,0.167043,0.552789,0.808040
1.048510,-0.021225,-26.000000,-0.246344,O,-0.574829,0.105444,0.253496,0.103622
1.049082,-0.013223,-24.000000,0.250212,O,-0.550832,0.167836,0.749786,0.091686
1.056400,0.070111,6.000000,-0.102075,G,0.327994,0.733102,-0.163997,0.625816
1.054270,0.061484,2.000000,-0.346336,G,0.510614,0.909040,-0.255307,-0.259153
1.076586,0.099908,20.000000,-0.296620,L,-0.400000,0.245030,0.796932,-0.079753
1.042827,0.132943,4.000000,0.147879,G,0.670928,0.811922,-0.335464,0.464053
1.053087,0.067596,4.000000,-0.100208,G,0.251314,0.774460,-0.125657,0.636790
1.068698,0.097043,16.000000,-0.251149,L,-0.400000,0.383993,0.750974,0.087366
1.054088,-0.031157,-30.000000,-0.104565,O,-0.630561,-0.039459,0.395331,0.619384
1.049755,-0.029400,-30.000000,0.096003,O,-0.615031,0.000919,0.596028,0.650806
1.042418,-0.005962,-22.000000,0.446615,R,-0.400000,0.286399,0.945631,-0.620476
1.125702,0.188382,36.000000,0.147867,O,-0.810592,-0.507539,0.352446,0.463441
1.103994,0.122552,36.000000,-0.298371,O,-0.790734,-0.455910,0.798788,-0.086502
1.058745,0.082611,12.000000,-0.195330,G,0.478220,0.565410,-0.239110,0.289164
1.055109,0.083726,10.000000,0.399072,G,1.000000,0.510596,-0.887679,-0.448272
1.068891,0.097200,16.000000,0.204753,L,-0.400000,0.365399,0.295510,0.256399
1.018077,0.096397,-10.000000,-0.450151,G,1.000000,0.701537,-0.748788,-0.637545
1.053785,0.064940,0.000000,-0.247432,D,-0.300000,0.835296,1.000000,0.101199
1.076357,0.105864,24.000000,0.198905,O,-0.596960,0.047903,0.301139,0.276871
1.070025,0.098054,18.000000,0.495747,L,-0.400000,0.300851,0.004407,-0.802157
1.079254,0.168117,18.000000,0.399439,L,-0.400000,0.263605,0.100523,-0.452644
1.030107,0.115764,-2.000000,-0.245676,G,0.318126,0.913169,-0.159063,0.105839
1.046227,0.033014,-10.000000,-0.147658,G,0.811194,0.742146,-0.405597,0.462754
1.096517,0.118496,32.000000,-0.003307,O,-0.733203,-0.306329,0.502713,0.990134
1.055180,0.076128,8.000000,-0.302214,D,-0.300000,0.637761,1.000000,-0.097581
1.051167,0.057841,0.000000,0.350126,G,0.933576,0.883414,-0.466788,-0.273462
1.050677,-0.011576,-22.000000,-0.153573,R,-0.400000,0.311553,0.346785,0.442853
1.014246,0.066836,-16.000000,-0.451789,G,1.000000,0.403875,-1.000000,-0.642312
1.098623,0.130139,36.000000,0.449584,O,-0.768963,-0.399303,0.051170,-0.632111
1.040514,0.023816,-12.000000,-0.153622,G,0.975469,0.666175,-0.487734,0.440328
1.081344,0.102796,24.000000,0.054022,O,-0.601230,0.036803,0.446730,0.806290
1.044671,0.033174,-8.000000,0.048361,G,0.313781,0.795247,-0.156890,0.825953
1.073552,0.103643,20.000000,-0.148010,L,-0.400000,0.245677,0.647785,0.462601
1.019124,0.091534,-10.000000,0.448465,G,0.289794,0.696198,-0.144897,-0.631633
1.047978,0.049887,-4.000000,0.146932,G,0.278386,0.992324,-0.139193,0.465929
1.098806,0.115335,32.000000,-0.304382,O,-0.604936,0.027167,0.804745,-0.108162
1.077771,0.100192,22.000000,0.196039,O,-0.593592,0.056660,0.303247,0.284535
1.048744,-0.016454,-24.000000,-0.147289,O,-0.590764,0.064013,0.352872,0.464988
1.048810,0.034743,-10.000000,0.501533,G,0.330791,0.663071,-0.165396,-0.826634
1.105786,0.185825,30.000000,0.095449,O,-0.670482,-0.143253,0.404702,0.653463
1.087919,0.113426,30.000000,0.204340,O,-0.694211,-0.204948,0.295563,0.256592
1.073048,0.100719,20.000000,-0.200612,O,-0.553054,0.162059,0.700318,0.271569
1.086035,0.112442,30.000000,-0.254739,O,-0.715970,-0.261521,0.755168,0.072116
1.050354,-0.010759,-24.000000,0.450031,O,-0.547830,0.175642,0.950498,-0.638174
1.046247,-0.002529,-20.000000,-0.146173,R,-0.400000,0.276526,0.354459,0.470761
1.023828,0.088576,-10.000000,-0.302221,G,1.000000,0.677165,-0.625093,-0.099120
1.106707,0.123265,36.000000,0.096547,O,-0.802923,-0.487600,0.403998,0.650900
1.050975,-0.009888,-24.000000,0.453946,R,-0.400000,0.261142,0.953707,-0.649843
1.057196,0.150412,10.000000,0.344214,G,1.000000,0.558812,-0.785242,-0.251104
1.056860,0.075613,6.000000,0.096150,G,0.698672,0.745976,-0.349336,0.653410
1.103273,0.127733,36.000000,-0.503860,O,-0.715153,-0.259398,1.003786,-0.831951
1.054984,0.073561,4.000000,0.298833,G,0.969860,0.814000,-0.484930,-0.087019
1.041604,-0.000637,-18.000000,-0.151704,G,1.000000,0.377737,-0.773767,0.449079
1.083547,0.105686,26.000000,-0.502847,O,-0.629856,-0.037626,1.000081,-0.818475
1.040660,0.012449,-16.000000,-0.101320,G,1.000000,0.462106,-0.638491,0.634191
1.049738,-0.005197,-20.000000,0.399767,D,-0.300000,0.371061,1.000000,-0.456294
1.028932,0.123011,-2.000000,0.001157,D,-0.300000,0.996853,1.000000,0.997816
1.044149,0.054869,-2.000000,0.048073,D,-0.300000,0.991442,1.000000,0.826868
1.043248,0.011554,-14.000000,0.453519,D,-0.300000,0.597373,1.000000,-0.650394
1.065138,0.081792,12.000000,-0.198416,G,0.606261,0.498011,-0.303131,0.276880
1.048170,-0.009657,-22.000000,0.247692,R,-0.400000,0.348458,0.747886,0.098596
1.098125,0.174374,26.000000,0.202538,O,-0.633887,-0.048106,0.298240,0.266326
1.046107,0.047508,-6.000000,-0.301558,G,0.906128,0.848502,-0.453064,-0.096602
1.084178,0.115346,28.000000,0.396325,O,-0.623010,-0.019827,0.104201,-0.439269
1.054843,0.059653,0.000000,0.145056,G,0.327796,0.981047,-0.163898,0.472928
1.048060,0.034435,-8.000000,0.501894,G,0.487707,0.741495,-0.243853,-0.826758
1.048677,-0.030606,-28.000000,-0.397942,O,-0.601387,0.036393,0.101919,-0.447567
1.043975,0.036627,-8.000000,-0.451094,G,1.000000,0.818377,-0.632318,-0.638890
1.049553,0.028769,-10.000000,0.096070,G,0.582745,0.612055,-0.291372,0.648826
1.050523,0.070655,4.000000,-0.295401,G,0.234337,0.821660,-0.117168,-0.074575
1.050298,-0.012416,-24.000000,-0.150207,O,-0.550748,0.168054,0.349723,0.453539
1.053153,0.073765,6.000000,-0.501240,G,0.374172,0.685999,-0.187086,-0.822136
1.048413,0.065888,0.000000,0.248488,G,0.515667,0.990142,-0.257833,0.098271
1.078711,0.102139,24.000000,0.252902,O,-0.593057,0.058052,0.247094,0.080342
1.046180,0.052187,-4.000000,-0.248990,G,0.704711,0.896711,-0.352356,0.094304
1.043520,0.015229,-16.000000,0.203386,G,0.547932,0.522611,-0.273966,0.260281
1.056100,0.070988,6.000000,-0.150679,D,-0.300000,0.861312,1.000000,0.452079
1.097044,0.122182,32.000000,0.000557,O,-0.746510,-0.340927,0.499367,0.997697
1.040545,0.047649,-4.000000,0.145177,D,-0.300000,0.855016,1.000000,0.472247
1.041949,0.025519,-12.000000,-0.496518,O,-1.023012,-1.059832,0.003573,-0.805187
1.043410,0.038104,-6.000000,-0.346174,G,1.000000,0.826818,-0.519299,-0.258606
1.092466,0.177791,26.000000,0.152614,O,-0.632163,-0.043625,0.347396,0.445076
1.047777,-0.000406,-20.000000,0.296670,G,0.550393,0.427157,-0.275196,-0.082352
1.047539,0.033183,-10.000000,0.348458,D,-0.300000,0.755463,1.000000,-0.266812
1.044263,0.027318,-10.000000,0.049445,G,0.469455,0.715743,-0.234728,0.819892
1.062629,0.084825,14.000000,0.450412,G,1.000000,0.414200,-1.000000,-0.638913
1.047566,0.053197,-4.000000,0.504134,G,0.848554,0.918413,-0.424277,-0.839505
1.071195,0.093884,18.000000,-0.051817,L,-0.400000,0.335413,0.552891,0.807671
1.057839,0.153922,12.000000,0.496957,G,1.000000,0.537389,-0.959447,-0.806677
1.062394,0.090135,12.000000,0.253103,G,1.000000,0.474480,-0.778951,0.078432
1.088725,0.110593,28.000000,-0.496299,O,-0.666923,-0.134000,0.994934,-0.799762
1.053363,0.063328,0.000000,-0.001272,D,-0.300000,0.926354,1.000000,0.994967
1.078926,0.107041,26.000000,-0.345410,O,-0.645594,-0.078543,0.845562,-0.256591
1.073299,0.098196,20.000000,0.447597,L,-0.400000,0.241659,0.051788,-0.629860
1.076042,0.164710,18.000000,-0.401719,L,-0.400000,0.351594,0.901528,-0.460101
1.042568,0.138535,6.000000,-0.395210,G,0.235890,0.722851,-0.117945,-0.436705
1.047665,0.066005,0.000000,-0.047150,D,-0.300000,0.956332,1.000000,0.827000
1.047205,0.001362,-20.000000,-0.100234,R,-0.400000,0.366788,0.399677,0.635190
1.065340,0.091478,18.000000,-0.104449,L,-0.400000,0.330961,0.604548,0.619825
1.026491,0.120451,-2.000000,0.304482,G,0.558061,0.973852,-0.279030,-0.109741
1.052206,-0.046357,-34.000000,-0.051397,O,-0.702846,-0.227401,0.448903,0.814194
1.047621,0.062986,0.000000,0.250808,G,0.551893,0.976224,-0.275946,0.083018
1.053746,-0.037167,-30.000000,-0.454774,O,-0.632151,-0.043592,0.044625,-0.655909
1.076306,0.103714,24.000000,0.152062,O,-0.607178,0.021337,0.348191,0.447967
1.071628,0.096710,20.000000,-0.500927,D,-0.300000,0.549890,1.000000,-0.821532
1.046775,-0.035448,-30.000000,0.347809,O,-0.645171,-0.077445,0.847701,-0.264368
1.099225,0.123643,32.000000,0.398440,O,-0.747574,-0.343691,0.100866,-0.451397
1.064759,0.094093,16.000000,0.198799,L,-0.400000,0.377966,0.301035,0.276491
1.046649,-0.001338,-20.000000,0.052433,R,-0.400000,0.385681,0.552662,0.808502
1.051020,0.072794,6.000000,0.397266,G,1.000000,0.840563,-0.557021,-0.445760
1.043521,0.018962,-12.000000,-0.446144,G,1.000000,0.527088,-0.919209,-0.622898
1.058402,0.081502,8.000000,-0.152059,G,0.361332,0.666574,-0.180666,0.444510
1.052955,-0.038830,-32.000000,0.047838,O,-0.669715,-0.141258,0.547134,0.828603
1.005304,0.047324,-22.000000,0.494304,R,-0.400000,0.302265,1.001287,-0.822862
1.041196,0.132995,4.000000,0.147733,G,0.648075,0.823900,-0.324038,0.462046
1.046774,0.060250,-2.000000,0.345880,G,0.625483,0.966256,-0.312741,-0.259945
1.049792,-0.041999,-32.000000,0.202409,O,-0.677145,-0.160576,0.702147,0.264920
1.042974,0.050965,-4.000000,0.202701,D,-0.300000,0.899883,1.000000,0.263968
1.064355,0.087649,12.000000,0.197116,G,1.000000,0.473972,-0.723954,0.280269
1.041590,0.025500,-10.000000,-0.149136,G,1.000000,0.552021,-0.597087,0.457790
1.048541,0.034196,-10.000000,-0.348290,G,1.000000,0.775429,-0.573106,-0.267397
1.088264,0.116348,28.000000,-0.254793,O,-0.670667,-0.143735,0.755075,0.072456
1.026908,0.113780,-4.000000,-0.505030,G,1.000000,0.958087,-0.546861,-0.836176
1.058058,-0.054514,-36.000000,0.152918,O,-0.727195,-0.290708,0.652879,0.444077
1.042859,0.042402,-6.000000,-0.152396,G,0.615441,0.844853,-0.307720,0.445188
1.046982,0.000528,-18.000000,0.245688,G,0.664661,0.422282,-0.332330,0.107682
1.045233,-0.007516,-22.000000,0.247153,R,-0.400000,0.330647,0.747193,0.101116
1.011449,0.035958,-26.000000,0.103134,O,-0.568381,0.122209,0.603014,0.625403
1.050066,0.073267,6.000000,-0.202308,D,-0.300000,0.719737,1.000000,0.264296
1.101768,0.126631,34.000000,0.249728,O,-0.789148,-0.451785,0.250710,0.093491
1.077276,0.105647,24.000000,0.103636,O,-0.624704,-0.024231,0.396265,0.622781
1.044449,0.031811,-10.000000,-0.145269,G,0.795116,0.748081,-0.397558,0.470403
1.054302,-0.053191,-36.000000,0.253529,O,-0.721181,-0.275069,0.754045,0.076199
1.047989,0.062124,2.000000,-0.049063,D,-0.300000,0.890199,1.000000,0.820164
1.050882,-0.043247,-34.000000,0.253444,O,-0.699397,-0.218433,0.753745,0.077290
1.042705,-0.001281,-18.000000,-0.297721,G,1.000000,0.378612,-0.919232,-0.083070
1.063820,0.088087,16.000000,-0.499924,D,-0.300000,0.383884,1.000000,-0.820793
1.043152,0.010606,-16.000000,0.097335,G,0.867991,0.468598,-0.433995,0.645792
1.098540,0.127753,36.000000,0.000104,O,-0.802176,-0.485657,0.499939,0.999778
1.047307,0.010034,-16.000000,-0.099004,G,1.000000,0.472188,-0.626047,0.642783
1.071421,0.101888,22.000000,0.253978,O,-0.562165,0.138371,0.246418,0.077884
1.045087,-0.011193,-22.000000,-0.046351,R,-0.400000,0.287964,0.453467,0.830789
1.018059,0.049317,-20.000000,0.249987,R,-0.400000,0.289592,0.750323,0.089736
1.108493,0.178206,30.000000,0.051499,O,-0.723689,-0.281591,0.448601,0.813093
1.045857,-0.034801,-30.000000,-0.451046,O,-0.638941,-0.061247,0.049024,-0.639912
1.064380,0.163163,16.000000,0.001293,G,1.000000,0.402083,-0.598620,0.997445
1.102720,0.121963,34.000000,-0.347727,O,-0.772622,-0.408816,0.847222,-0.262625
1.049392,0.074759,4.000000,0.099985,G,0.682674,0.759500,-0.341337,0.633318
1.042727,0.025341,-12.000000,0.151593,G,0.556845,0.569582,-0.278422,0.447288
1.048939,-0.047384,-36.000000,0.400426,O,-0.730039,-0.298102,0.900688,-0.457046
1.088408,0.116408,30.000000,-0.450651,O,-0.694899,-0.206738,0.950898,-0.639628
1.049077,0.059184,-2.000000,-0.451059,G,0.896660,0.997984,-0.448330,-0.637622
1.058167,-0.046643,-36.000000,0.051757,O,-0.735894,-0.313324,0.551456,0.812887
1.074438,0.094991,20.000000,-0.197604,L,-0.400000,0.246255,0.697926,0.280269
1.002075,0.043896,-24.000000,0.248495,R,-0.400000,0.234456,0.747796,0.098924
1.051645,0.071001,2.000000,-0.347681,G,0.292369,0.798044,-0.146185,-0.265966
1.044478,-0.032555,-30.000000,-0.097327,O,-0.667233,-0.134805,0.402918,0.646974
1.054305,0.070627,2.000000,-0.204720,D,-0.300000,0.882993,1.000000,0.256191
1.050841,-0.031500,-28.000000,0.349806,O,-0.593480,0.056951,0.850187,-0.273406
1.052748,-0.025720,-28.000000,0.003032,O,-0.670243,-0.142632,0.502687,0.990229
1.081132,0.112365,26.000000,-0.050814,O,-0.637455,-0.057382,0.550653,0.815807
1.043846,-0.018759,-26.000000,-0.450287,O,-0.561656,0.139693,0.049681,-0.637523
1.048560,0.006180,-18.000000,-0.101834,G,1.000000,0.427039,-0.675539,0.626989
1.048692,-0.019052,-26.000000,-0.052973,O,-0.570008,0.117979,0.446530,0.805562
1.062450,0.091812,16.000000,-0.403174,L,-0.400000,0.317199,0.903488,-0.467229
1.134700,0.186035,36.000000,0.203245,O,-0.629302,-0.036186,0.296133,0.258665
1.055980,-0.048612,-34.000000,-0.154302,O,-0.661665,-0.120329,0.346228,0.440830
1.069636,0.099793,18.000000,0.046993,L,-0.400000,0.341888,0.453512,0.830953
1.126450,0.184165,36.000000,0.200661,O,-0.792891,-0.461515,0.299655,0.271471
1.052547,0.053003,-2.000000,0.154089,G,0.366947,0.970894,-0.183473,0.438665
1.077036,0.095403,20.000000,0.149132,G,1.000000,0.374873,-0.774112,0.458233
1.095441,0.122025,32.000000,0.101363,O,-0.653332,-0.098664,0.399205,0.633473
1.046059,-0.007551,-20.000000,0.304402,R,-0.400000,0.300819,0.803934,-0.105214
1.125889,0.188980,36.000000,0.450901,O,-0.787643,-0.447871,0.049019,-0.639929
1.048203,0.043362,-6.000000,-0.495063,G,1.000000,0.737441,-0.757464,-0.799656
1.087269,0.114467,28.000000,0.053305,O,-0.662953,-0.123679,0.447061,0.807494
1.052756,0.060891,-2.000000,-0.004258,G,0.236491,0.877867,-0.118246,0.985864
1.042233,-0.017103,-24.000000,-0.501433,O,-0.547683,0.176024,-0.001000,-0.821816
1.049663,-0.016671,-26.000000,-0.097640,O,-0.573315,0.109382,0.401943,0.643428
1.050226,0.064269,2.000000,0.102390,G,0.555415,0.824861,-0.277707,0.627024
1.049070,0.002436,-18.000000,0.047961,G,1.000000,0.432665,-0.519312,0.825370
1.045546,0.045513,-6.000000,-0.348836,G,1.000000,0.846312,-0.502117,-0.267015
1.069206,0.094561,16.000000,-0.003862,L,-0.400000,0.382916,0.503993,0.985478
1.048467,0.058315,0.000000,0.454455,G,1.000000,0.937875,-0.516661,-0.652856
1.072947,0.098758,18.000000,0.298109,L,-0.400000,0.295565,0.202244,-0.082749
1.006979,0.057298,-18.000000,0.447632,O,-0.567104,0.125530,0.947544,-0.627432
1.047418,-0.049386,-34.000000,0.404474,O,-0.701405,-0.223652,0.904486,-0.470860
1.041993,-0.018635,-26.000000,-0.304383,O,-0.587934,0.071372,0.197443,-0.100206
1.083074,0.110695,28.000000,0.498100,O,-0.667167,-0.134635,-0.002721,-0.828075
1.045098,-0.009983,-22.000000,0.145920,R,-0.400000,0.349620,0.645490,0.470945
1.006367,0.002986,-32.000000,0.353791,O,-0.671980,-0.147149,0.853702,-0.286190
1.048406,-0.030334,-28.000000,-0.347794,O,-0.601978,0.034857,0.152923,-0.262098
1.061756,0.089627,12.000000,0.304643,G,1.000000,0.509610,-0.795189,-0.108360
1.043603,-0.030583,-28.000000,0.154374,O,-0.628565,-0.034268,0.653524,0.441729
1.051769,-0.035324,-30.000000,0.201535,O,-0.637783,-0.058236,0.701643,0.266752
1.083437,0.114869,26.000000,-0.245933,O,-0.630650,-0.039691,0.745610,0.106871
1.046326,-0.026910,-28.000000,0.400383,O,-0.614983,0.001043,0.899936,-0.454313
1.090660,0.169717,22.000000,-0.447234,O,-0.579591,0.093064,0.946940,-0.625236
1.016866,0.081977,-12.000000,0.003493,G,1.000000,0.407131,-0.589309,0.987055
1.040557,0.032467,-10.000000,0.496608,G,0.230681,0.617701,-0.115340,-0.809597
1.046899,-0.004237,-22.000000,0.052977,R,-0.400000,0.288383,0.552971,0.807380
1.106286,0.171174,24.000000,0.399548,O,-0.565467,0.129786,0.100430,-0.452982
1.077558,0.109150,24.000000,0.250311,O,-0.636165,-0.054030,0.250480,0.092655
1.052484,-0.042434,-32.000000,0.451158,O,-0.677217,-0.160765,0.951258,-0.640939
1.052562,0.074097,6.000000,-0.396147,G,0.271738,0.739675,-0.135869,-0.440705
1.056175,0.155661,12.000000,0.402404,G,1.000000,0.529644,-0.872632,-0.462824
1.049736,-0.037301,-32.000000,0.048662,O,-0.676998,-0.160196,0.548589,0.823313
1.054750,-0.051363,-36.000000,-0.297729,O,-0.748104,-0.345070,0.202272,-0.082646
1.040408,0.007518,-16.000000,0.448268,D,-0.300000,0.499383,1.000000,-0.630296
1.044878,0.012486,-16.000000,0.398809,G,0.274031,0.464193,-0.137015,-0.450152
1.082252,0.104820,26.000000,-0.396483,O,-0.638253,-0.059458,0.896100,-0.440362
1.052674,-0.049862,-34.000000,0.250813,O,-0.716992,-0.264179,0.750688,0.088408
1.043137,0.047647,-4.000000,-0.499277,G,1.000000,0.906648,-0.592725,-0.815902
1.051229,0.075767,6.000000,-0.203119,D,-0.300000,0.759434,1.000000,0.261973
1.046215,0.044626,-4.000000,0.252150,G,0.349819,0.922734,-0.174910,0.082998
1.058406,0.075575,8.000000,0.052272,G,0.507022,0.798357,-0.253511,0.811392
1.102782,0.126898,36.000000,0.402411,O,-0.791724,-0.458482,0.097352,-0.464174
1.045211,0.041071,-6.000000,-0.401957,G,1.000000,0.838970,-0.562698,-0.460612
1.098642,0.127426,34.000000,0.152601,O,-0.601841,0.035215,0.346900,0.443273
1.059877,0.085119,14.000000,0.449030,G,1.000000,0.445620,-1.000000,-0.634758
1.100235,0.181002,28.000000,-0.303001,O,-0.654551,-0.101834,0.803242,-0.102698
1.098147,0.115814,32.000000,-0.454347,O,-0.736325,-0.314444,0.954880,-0.654111
1.051053,-0.016357,-24.000000,0.402692,O,-0.542280,0.190072,0.902060,-0.462037
1.060148,0.086395,14.000000,0.497653,G,1.000000,0.619312,-0.878842,-0.811468
1.120664,0.187752,32.000000,0.153215,O,-0.735765,-0.312990,0.346306,0.441112
1.054571,0.077633,10.000000,-0.198452,G,0.427655,0.587415,-0.213828,0.277245
1.040782,0.039062,-8.000000,0.051608,D,-0.300000,0.939680,1.000000,0.810428
1.044608,0.056861,-2.000000,-0.201244,G,0.393417,0.996383,-0.196709,0.271544
1.060918,0.084731,14.000000,-0.153924,G,0.892955,0.398467,-0.446477,0.436162
1.051678,-0.044030,-32.000000,0.247996,O,-0.720335,-0.272872,0.748291,0.097123
1.074706,0.104325,20.000000,-0.395121,L,-0.400000,0.257129,0.895368,-0.437703
1.018358,0.071364,-16.000000,0.398185,G,0.370129,0.416656,-0.185064,-0.448290
1.087746,0.108680,26.000000,-0.297971,O,-0.626609,-0.029182,0.797938,-0.083410
1.048734,0.026743,-12.000000,-0.249966,G,1.000000,0.595959,-0.654148,0.090519
1.063308,0.095099,16.000000,0.203384,L,-0.400000,0.331452,0.296616,0.260422
1.128401,0.185951,32.000000,-0.504411,O,-0.586924,0.073997,1.004938,-0.836138
1.082922,0.113794,26.000000,-0.348921,O,-0.631895,-0.042928,0.848384,-0.266850
1.043133,0.033748,-10.000000,-0.101203,G,0.802818,0.699759,-0.401409,0.632118
1.041635,-0.017107,-24.000000,-0.099733,O,-0.550538,0.168602,0.400296,0.637439
1.051910,-0.030889,-30.000000,0.346953,O,-0.638749,-0.060748,0.847616,-0.264058
1.095236,0.125765,34.000000,-0.402660,O,-0.761526,-0.379967,0.902682,-0.464299
1.068539,0.101140,20.000000,0.147183,L,-0.400000,0.265621,0.353324,0.466633
1.011573,0.081186,-14.000000,-0.045648,G,0.925837,0.582819,-0.462919,0.833683
1.050823,0.072312,6.000000,0.401989,G,1.000000,0.669842,-0.732189,-0.461932
1.073030,0.103587,20.000000,0.000107,L,-0.400000,0.258956,0.499531,0.998295
1.052798,0.142132,6.000000,-0.048163,D,-0.300000,0.833975,1.000000,0.824693
1.076919,0.102343,20.000000,-0.101530,O,-0.545208,0.182459,0.602008,0.629061
1.080275,0.103489,24.000000,0.348622,O,-0.596576,0.048902,0.151235,-0.268236
1.086327,0.112870,30.000000,0.303143,O,-0.692822,-0.201338,0.197483,-0.100062
1.043441,0.030947,-10.000000,0.000787,G,0.604888,0.697202,-0.302444,0.998713
1.104307,0.123764,34.000000,0.153107,O,-0.596340,0.049515,0.347157,0.444206
1.052171,-0.024818,-26.000000,0.401058,O,-0.568781,0.121168,0.901518,-0.460066
1.107332,0.124848,36.000000,-0.354525,O,-0.805736,-0.494914,0.854259,-0.288215
1.107636,0.125683,36.000000,0.051196,O,-0.821433,-0.535725,0.448761,0.813677
1.049944,0.040376,-6.000000,0.146960,D,-0.300000,0.806730,1.000000,0.465981
1.043520,0.012041,-14.000000,-0.153570,G,1.000000,0.550693,-0.602843,0.441685
1.078302,0.102766,22.000000,-0.352773,O,-0.566951,0.125927,0.853244,-0.284525
1.052768,0.074633,6.000000,-0.152595,D,-0.300000,0.743966,1.000000,0.444252
1.042705,-0.017947,-26.000000,0.053455,O,-0.593817,0.056075,0.553456,0.805613
1.060396,0.091402,14.000000,-0.297435,G,0.554632,0.425463,-0.277316,-0.080802
1.054303,0.086154,12.000000,-0.249942,G,0.269747,0.613866,-0.134873,0.086326
1.052326,-0.045823,-36.000000,-0.098943,O,-0.731958,-0.303090,0.400895,0.639617
1.048594,0.001468,-20.000000,0.403120,D,-0.300000,0.368819,1.000000,-0.466285
1.073469,0.102647,20.000000,-0.496596,L,-0.400000,0.266306,0.996812,-0.806591
1.062608,0.153281,12.000000,0.200994,G,1.000000,0.499263,-0.701835,0.268735
1.044880,0.053847,-2.000000,-0.154663,G,0.379251,0.965179,-0.189626,0.437074
1.047945,-0.020798,-24.000000,0.253569,O,-0.555959,0.154506,0.753342,0.078757
1.044709,-0.024289,-28.000000,0.002360,O,-0.623853,-0.022018,0.501756,0.993616
1.055089,-0.051861,-36.000000,0.095174,O,-0.778452,-0.423975,0.594659,0.655785
1.100405,0.124736,34.000000,-0.195913,O,-0.774449,-0.413567,0.695389,0.289493
1.042736,-0.036212,-30.000000,-0.354279,O,-0.664958,-0.128892,0.145268,-0.289933
1.054935,0.070317,2.000000,0.302406,G,0.742423,0.930185,-0.371212,-0.095989
1.071516,0.095432,18.000000,-0.103752,L,-0.400000,0.352435,0.604726,0.619176
1.131662,0.184256,36.000000,-0.151354,O,-0.811307,-0.509398,0.651414,0.449404
1.050230,0.072823,6.000000,0.348583,G,1.000000,0.705263,-0.644067,-0.270289
1.048807,0.033736,-10.000000,-0.047475,G,0.930047,0.581401,-0.465023,0.831183
1.046440,-0.018883,-26.000000,0.504086,O,-0.566584,0.126882,1.003352,-0.830369
1.090340,0.116155,30.000000,0.451027,O,-0.701533,-0.223985,0.048949,-0.640184
1.000284,0.045562,-22.000000,0.297622,R,-0.400000,0.241278,0.797722,-0.082624
1.015666,0.071942,-16.000000,-0.145814,G,1.000000,0.546918,-0.598742,0.470328
1.056130,0.080035,10.000000,-0.048317,G,0.778345,0.562901,-0.389173,0.825723
1.105566,0.126928,36.000000,0.250290,O,-0.695761,-0.208979,0.249267,0.088243
1.059466,0.091712,14.000000,-0.045684,G,1.000000,0.388857,-0.566058,0.836055
1.074308,0.095005,20.000000,-0.198125,L,-0.400000,0.238519,0.697607,0.281430
1.001320,0.005706,-32.000000,-0.147168,O,-0.666555,-0.133042,0.352651,0.464184
1.050621,0.034827,-8.000000,0.054018,G,0.386982,0.751922,-0.193491,0.801503
1.099459,0.125010,34.000000,-0.252589,O,-0.696555,-0.211043,0.752521,0.081742
1.043105,0.026736,-12.000000,-0.351875,G,1.000000,0.600855,-0.750700,-0.278384
1.051758,-0.026023,-26.000000,0.448313,O,-0.581491,0.088123,0.948995,-0.632708
1.051050,0.042290,-6.000000,-0.396541,G,0.940723,0.926239,-0.470362,-0.442184
1.080602,0.115314,28.000000,-0.298961,O,-0.644311,-0.075209,0.799457,-0.088933
1.046006,-0.038371,-32.000000,0.052630,O,-0.690113,-0.194294,0.551898,0.811281
1.051313,0.065752,4.000000,0.350643,G,1.000000,0.763865,-0.586477,-0.273974
1.040960,0.030426,-10.000000,-0.397229,G,1.000000,0.754121,-0.643045,-0.444239
1.079940,0.112589,28.000000,0.147711,O,-0.561032,0.141318,0.351579,0.460287
1.045188,-0.023181,-26.000000,-0.502183,O,-0.614100,0.003341,-0.001821,-0.824802
1.042044,0.035793,-8.000000,-0.497457,G,1.000000,0.745073,-0.752374,-0.808897
1.055280,0.079260,8.000000,0.001012,G,0.674945,0.663674,-0.337473,0.995830
1.044234,0.001195,-18.000000,-0.346604,R,-0.400000,0.383971,0.153496,-0.260016
1.046580,-0.002299,-20.000000,0.403545,R,-0.400000,0.289624,0.903166,-0.466057
1.027689,0.093998,-8.000000,0.492198,G,0.481720,0.741196,-0.240860,-0.816959
1.049727,-0.031173,-28.000000,-0.251335,O,-0.610834,0.011831,0.248984,0.087213
1.060382,0.088572,14.000000,0.054298,G,1.000000,0.446435,-0.607997,0.802066
1.086047,0.108888,28.000000,0.346604,O,-0.640578,-0.065504,0.153457,-0.260155
1.040932,-0.003068,-20.000000,0.151281,R,-0.400000,0.342695,0.651944,0.447475
1.075451,0.166238,20.000000,-0.348982,L,-0.400000,0.261883,0.848876,-0.268642
1.042792,0.129124,2.000000,-0.251015,D,-0.300000,0.849314,1.000000,0.087100
1.065053,0.090204,16.000000,0.346709,L,-0.400000,0.382764,0.152964,-0.261950
1.076066,0.103513,22.000000,-0.200962,O,-0.569704,0.118770,0.700718,0.270118
1.050199,0.069287,4.000000,0.347402,G,1.000000,0.736658,-0.611286,-0.265252
1.086983,0.109020,28.000000,-0.201547,O,-0.603783,0.030165,0.702497,0.263648
1.049367,-0.050192,-36.000000,-0.498652,O,-0.709174,-0.243852,0.001347,-0.813282
1.047303,-0.003176,-20.000000,-0.450644,R,-0.400000,0.369586,0.048666,-0.641214
1.048025,0.026225,-12.000000,0.402947,D,-0.300000,0.630479,1.000000,-0.465351
1.055143,-0.037878,-32.000000,0.002004,O,-0.662658,-0.122910,0.502585,0.990599
1.069496,0.088978,16.000000,0.451866,L,-0.400000,0.382770,0.049116,-0.639578
1.055919,-0.042369,-34.000000,-0.295132,O,-0.754049,-0.360527,0.205227,-0.071903
1.049347,0.059587,0.000000,0.045505,G,0.280656,0.905331,-0.140328,0.833967
1.042619,-0.009103,-22.000000,0.498066,R,-0.400000,0.279021,0.998402,-0.812370
1.005672,0.030933,-26.000000,-0.147252,O,-0.585462,0.077800,0.352498,0.463630
1.043636,0.011916,-14.000000,0.046714,G,0.812498,0.547496,-0.406249,0.831800
1.051676,0.042660,-6.000000,-0.449108,G,1.000000,0.894793,-0.554306,-0.633089
1.093990,0.122460,32.000000,0.401561,O,-0.757751,-0.370151,0.098447,-0.460193
1.046209,0.017941,-12.000000,0.398350,D,-0.300000,0.636000,1.000000,-0.446043
1.097480,0.119931,34.000000,-0.450843,O,-0.789059,-0.451554,0.950731,-0.639023
1.052928,0.069283,6.000000,0.403327,G,1.000000,0.703992,-0.701069,-0.472951
1.044866,-0.026807,-28.000000,-0.048265,O,-0.613385,0.005200,0.451510,0.823671
1.057064,0.074732,6.000000,-0.002510,G,0.552854,0.720796,-0.276427,0.989900
1.082021,0.114038,28.000000,-0.299683,O,-0.660463,-0.117203,0.800055,-0.091109
1.068959,0.092972,18.000000,0.404234,L,-0.400000,0.345268,0.096147,-0.468556
1.020018,0.090596,-12.000000,0.098558,G,0.553664,0.624394,-0.276832,0.640821
1.096626,0.122000,34.000000,-0.296258,O,-0.787237,-0.446816,0.796610,-0.078580
1.096415,0.132460,36.000000,-0.449098,O,-0.774941,-0.414847,0.947931,-0.628839
1.096509,0.122844,34.000000,-0.148923,O,-0.778606,-0.424376,0.649925,0.454819
1.053006,0.051040,-2.000000,-0.397321,G,0.931975,0.931297,-0.465987,-0.444670
1.049214,-0.049817,-36.000000,-0.046955,O,-0.724286,-0.283142,0.453077,0.829370
1.046510,-0.000741,-18.000000,0.396259,G,0.436052,0.385760,-0.218026,-0.440780
1.067387,0.099608,18.000000,-0.498840,D,-0.300000,0.371408,1.000000,-0.815429
1.056765,0.084336,10.000000,-0.502828,D,-0.300000,0.528581,1.000000,-0.830831
1.049753,0.066349,4.000000,0.399992,G,1.000000,0.821239,-0.577886,-0.451364
1.102281,0.124774,36.000000,-0.245376,O,-0.801300,-0.483380,0.745379,0.107713
1.057582,-0.047229,-36.000000,0.195926,O,-0.721491,-0.275876,0.696526,0.285358
1.050668,-0.052902,-36.000000,0.250345,O,-0.733325,-0.306644,0.750428,0.089352
1.051278,0.070556,6.000000,0.248856,G,0.980754,0.758566,-0.490377,0.094754
1.044121,0.018407,-12.000000,-0.346486,G,1.000000,0.633340,-0.713817,-0.262390
1.048102,0.064033,0.000000,-0.348333,G,0.481583,0.892371,-0.240792,-0.266986
1.051022,0.045963,-4.000000,0.145744,G,0.399572,0.654630,-0.199786,0.470606
1.047138,0.005066,-18.000000,0.402227,G,0.390825,0.402638,-0.195413,-0.461635
1.078204,0.106429,26.000000,-0.201660,O,-0.583322,0.083362,0.701411,0.267597
1.051237,0.072758,6.000000,0.148324,G,0.903896,0.696368,-0.451948,0.460671
1.061894,0.087111,14.000000,0.201943,G,1.000000,0.374166,-0.827517,0.266606
1.051051,-0.020205,-26.000000,0.353664,O,-0.576017,0.102355,0.853589,-0.285779
1.083103,0.111915,26.000000,0.348743,O,-0.671246,-0.145240,0.151845,-0.266018
1.047306,-0.006618,-20.000000,0.502741,D,-0.300000,0.373955,1.000000,-0.826485
1.069960,0.102912,20.000000,0.049677,O,-0.560376,0.143023,0.450706,0.820749
1.048687,-0.029205,-28.000000,-0.049515,O,-0.605188,0.026512,0.450660,0.820583
1.041462,0.000774,-20.000000,0.150067,R,-0.400000,0.336685,0.650203,0.453807
1.098204,0.179441,26.000000,-0.351768,O,-0.632512,-0.044531,0.851602,-0.278552
1.088236,0.111264,26.000000,0.354799,O,-0.620835,-0.014172,0.145261,-0.289961
1.108101,0.126207,36.000000,-0.002082,O,-0.804103,-0.490668,0.501841,0.993306
1.083542,0.107958,26.000000,0.098099,O,-0.640410,-0.065066,0.401763,0.642774
1.050877,0.062407,0.000000,0.302881,G,0.744278,0.930173,-0.372139,-0.099316
1.044517,0.022772,-12.000000,0.198972,G,0.301508,0.650292,-0.150754,0.276530
1.080392,0.113644,26.000000,0.198595,O,-0.667127,-0.134530,0.301918,0.279703
1.046905,0.012821,-14.000000,0.045670,G,0.930239,0.488772,-0.465120,0.832333
1.050659,-0.019266,-26.000000,0.502459,O,-0.575512,0.103669,1.002702,-0.828005
1.046546,-0.002866,-20.000000,-0.300762,R,-0.400000,0.273304,0.199192,-0.093848
1.065294,0.156818,14.000000,-0.500870,D,-0.300000,0.437884,1.000000,-0.821108
1.052899,0.062823,2.000000,-0.297931,G,0.329807,0.868036,-0.164904,-0.079517
1.043821,0.053829,-2.000000,0.504224,G,0.954736,0.972834,-0.477368,-0.834668
1.099880,0.125866,36.000000,0.401247,O,-0.798984,-0.477357,0.099015,-0.458127
1.049633,0.045692,-4.000000,0.000274,D,-0.300000,0.953646,1.000000,0.999037
1.084314,0.108520,24.000000,0.151877,O,-0.599508,0.041279,0.348498,0.449084
1.099333,0.119649,34.000000,0.298741,O,-0.775783,-0.417036,0.201141,-0.086761
1.061521,0.089945,12.000000,0.203151,G,1.000000,0.487862,-0.715008,0.262294
1.071895,0.096696,20.000000,-0.054517,L,-0.400000,0.349279,0.554613,0.801409
1.006939,0.022297,-28.000000,-0.047444,O,-0.611945,0.008942,0.452468,0.827155
1.079838,0.105354,22.000000,0.404574,O,-0.577290,0.099045,0.095433,-0.471153
1.084451,0.111449,24.000000,-0.401684,O,-0.608558,0.017748,0.901662,-0.460589
1.048611,-0.024981,-28.000000,-0.195089,O,-0.580826,0.089853,0.304953,0.290737
1.049274,-0.029549,-28.000000,0.151764,O,-0.581948,0.086934,0.651300,0.449819
1.042033,0.009507,-16.000000,-0.401458,G,1.000000,0.456833,-0.944330,-0.458777
1.046279,-0.021251,-26.000000,-0.147688,O,-0.552530,0.163422,0.352683,0.464303
1.050522,-0.039453,-34.000000,0.498860,O,-0.689794,-0.193465,0.999326,-0.815732
1.052558,0.073352,4.000000,0.354437,G,1.000000,0.812241,-0.542757,-0.290903
1.051767,-0.051422,-36.000000,-0.004690,O,-0.740104,-0.324271,0.495346,0.983076
1.076801,0.102047,20.000000,-0.203416,O,-0.559836,0.144426,0.703716,0.259213
1.061947,0.078137,10.000000,-0.099417,G,0.632503,0.584236,-0.316252,0.638135
1.037107,0.004294,-16.000000,-0.200692,G,1.000000,0.408524,-0.792461,0.269148
1.089461,0.116477,28.000000,-0.000780,O,-0.660186,-0.116483,0.500764,0.997222
1.063779,0.085845,12.000000,-0.404336,D,-0.300000,0.520404,1.000000,-0.468274
1.047622,0.034731,-8.000000,0.448089,G,0.220509,0.662161,-0.110254,-0.629432
1.052664,0.071010,2.000000,-0.503636,G,0.786950,0.889659,-0.393475,-0.832058
1.045301,-0.027119,-28.000000,-0.099311,O,-0.602459,0.033606,0.400811,0.639312
1.047469,0.033474,-10.000000,0.397799,D,-0.300000,0.522935,1.000000,-0.445479
1.048517,-0.011728,-24.000000,0.496635,R,-0.400000,0.286549,0.996731,-0.806295
1.075524,0.157648,18.000000,-0.297183,L,-0.400000,0.299493,0.797201,-0.080730
1.009456,0.075445,-14.000000,-0.001189,G,0.965034,0.518892,-0.482517,0.994877
1.050987,-0.013128,-24.000000,-0.001365,R,-0.400000,0.286115,0.498635,0.995038
1.036277,0.105435,-6.000000,0.446331,G,0.422281,0.764763,-0.211141,-0.623190
1.048647,-0.054809,-36.000000,-0.302621,O,-0.753355,-0.358723,0.196954,-0.101987
1.046969,-0.029396,-30.000000,-0.252859,O,-0.634806,-0.050495,0.247078,0.080283
1.053080,0.062931,0.000000,-0.051010,D,-0.300000,0.991616,1.000000,0.815382
1.043575,0.001776,-20.000000,0.051070,G,1.000000,0.385006,-0.563804,0.813855
1.052513,0.070122,6.000000,0.099700,G,0.730674,0.734505,-0.365337,0.636940
1.054580,0.149076,8.000000,-0.047252,G,0.729278,0.588101,-0.364639,0.828145
1.042602,0.039137,-6.000000,0.454111,G,0.601355,0.846295,-0.300678,-0.652302
1.060149,0.091776,14.000000,-0.354630,G,0.398807,0.445032,-0.199403,-0.292961
1.045100,0.050244,-2.000000,0.202892,G,0.508771,0.948512,-0.254385,0.262190
1.038609,0.025132,-12.000000,0.248460,G,0.273478,0.614835,-0.136739,0.096632
1.045537,-0.001583,-20.000000,-0.352719,R,-0.400000,0.383845,0.147853,-0.280534
1.046517,-0.035833,-32.000000,0.246277,O,-0.676252,-0.158255,0.745932,0.105702
1.051268,-0.045368,-36.000000,-0.453005,O,-0.728065,-0.292969,0.046231,-0.650069
1.080896,0.109491,26.000000,0.048979,O,-0.634000,-0.048401,0.451748,0.824537
1.055072,0.071375,4.000000,-0.400880,G,0.349803,0.773949,-0.174902,-0.458009
1.062615,0.082730,12.000000,-0.154498,G,0.760762,0.464843,-0.380381,0.437180
1.102504,0.120261,36.000000,0.350890,O,-0.822774,-0.539212,0.149028,-0.276261
1.071719,0.104599,22.000000,-0.095202,L,-0.400000,0.327976,0.595565,0.652490
1.038666,0.132579,2.000000,0.249683,G,0.702945,0.898238,-0.351473,0.091960
1.091506,0.119246,32.000000,0.352801,O,-0.722231,-0.277799,0.145900,-0.287636
1.042574,-0.012114,-24.000000,0.052146,R,-0.400000,0.236814,0.552380,0.809529
1.058811,0.073126,8.000000,0.203892,G,1.000000,0.664181,-0.539319,0.259999
1.002283,0.022558,-28.000000,-0.454005,O,-0.625100,-0.025259,0.046386,-0.649504
1.044661,-0.023983,-28.000000,0.403276,O,-0.614075,0.003404,0.902955,-0.465291
1.062230,0.084978,14.000000,0.301925,G,1.000000,0.440020,-0.862017,-0.098315
1.070839,0.095031,18.000000,0.295159,L,-0.400000,0.341987,0.204937,-0.072957
1.074760,0.159893,18.000000,-0.252397,L,-0.400000,0.319600,0.752235,0.082783
1.068708,0.153485,14.000000,0.399323,G,1.000000,0.694277,-0.704941,-0.451703
1.046640,0.071259,2.000000,0.297555,G,0.847250,0.873282,-0.423625,-0.079661
1.076789,0.098927,20.000000,-0.103127,L,-0.400000,0.374019,0.603642,0.623118
1.047424,-0.016128,-24.000000,0.149766,R,-0.400000,0.234506,0.650016,0.454488
1.044166,0.002275,-20.000000,-0.304109,R,-0.400000,0.375258,0.195726,-0.106453
1.047114,-0.048569,-34.000000,-0.103353,O,-0.733163,-0.306224,0.396806,0.624748
1.047126,0.020196,-14.000000,-0.197045,G,1.000000,0.562784,-0.633792,0.285179
1.048288,0.001905,-18.000000,-0.104972,G,1.000000,0.390632,-0.714494,0.617726
1.050588,-0.030890,-30.000000,-0.197496,O,-0.636969,-0.056120,0.302545,0.281980
1.051352,-0.044851,-34.000000,0.349830,O,-0.702457,-0.226387,0.849939,-0.272506
1.038377,0.013245,-14.000000,0.395554,D,-0.300000,0.614751,1.000000,-0.439723
1.064242,0.076823,10.000000,-0.245567,G,0.365125,0.571863,-0.182562,0.107000
1.043355,-0.001963,-18.000000,-0.400444,G,1.000000,0.392573,-1.000000,-0.452843
1.041114,0.003294,-18.000000,-0.453505,G,1.000000,0.414235,-1.000000,-0.648938
1.041892,0.037547,-6.000000,0.350797,G,0.521497,0.910120,-0.260749,-0.275012
1.051751,-0.050503,-36.000000,0.299888,O,-0.737191,-0.316695,0.799795,-0.090164
1.048878,-0.051383,-36.000000,-0.097291,O,-0.755576,-0.364499,0.402751,0.646369
1.063338,0.090171,16.000000,0.050617,L,-0.400000,0.360380,0.450237,0.819043
1.063811,0.151420,14.000000,0.396488,G,1.000000,0.413334,-0.983208,-0.441970
1.095822,0.123218,32.000000,0.096968,O,-0.741813,-0.328713,0.403702,0.649824
1.045989,0.051357,-2.000000,0.050338,D,-0.300000,0.970128,1.000000,0.817295
1.043375,0.032534,-10.000000,-0.001768,G,0.562379,0.720775,-0.281189,0.992857
1.042413,-0.024742,-26.000000,0.103323,O,-0.586897,0.074068,0.603525,0.623545
1.048589,0.012305,-14.000000,-0.401354,G,1.000000,0.545203,-0.856680,-0.461392
1.067799,0.085572,14.000000,-0.204778,G,0.843804,0.373788,-0.421902,0.257054
1.075588,0.104185,22.000000,-0.352885,O,-0.574419,0.106512,0.853088,-0.283958
1.075409,0.097296,20.000000,-0.053179,L,-0.400000,0.224641,0.552787,0.808048
1.063979,0.092079,14.000000,-0.502872,D,-0.300000,0.469948,1.000000,-0.826644
1.080110,0.109213,24.000000,-0.148838,L,-0.400000,0.255961,0.648906,0.458525
1.030421,0.117861,-4.000000,-0.452820,G,0.999125,0.953662,-0.499563,-0.648090
1.072405,0.102764,20.000000,-0.450940,L,-0.400000,0.253740,0.950607,-0.638572
1.094978,0.171003,22.000000,0.454225,L,-0.400000,0.333204,0.045777,-0.651718
1.056555,0.073144,4.000000,-0.097598,G,0.289110,0.757948,-0.144555,0.645464
1.052830,0.066666,4.000000,-0.449552,G,0.407793,0.754695,-0.203896,-0.633461
1.054243,0.076589,6.000000,0.050854,G,0.630321,0.735948,-0.315160,0.814150
1.055444,0.080218,8.000000,0.454145,G,1.000000,0.634629,-0.819605,-0.651761
1.048972,-0.040324,-32.000000,0.348238,O,-0.663884,-0.126100,0.848579,-0.267561
1.049137,0.052993,-2.000000,0.201869,G,0.353691,0.975281,-0.176845,0.267038
1.050404,0.039285,-6.000000,-0.201758,G,0.785125,0.808697,-0.392562,0.268149
1.078434,0.109911,26.000000,0.498351,O,-0.630554,-0.039441,0.001114,-0.814132
1.042160,0.002595,-18.000000,0.148689,G,0.952366,0.375014,-0.476183,0.458898
1.047870,-0.000074,-18.000000,0.200541,G,0.792842,0.403840,-0.396421,0.273677
1.051955,-0.018465,-26.000000,0.101479,O,-0.583556,0.082755,0.600682,0.633884
1.051524,0.047391,-4.000000,-0.097542,G,0.248803,0.972539,-0.124401,0.647489
1.045609,-0.029696,-28.000000,-0.397800,O,-0.653500,-0.099101,0.102698,-0.444734
1.097337,0.126417,34.000000,-0.197451,O,-0.789831,-0.453561,0.697060,0.283418
1.046205,-0.022618,-28.000000,0.103973,O,-0.612102,0.008535,0.604099,0.621456
1.051863,0.059864,0.000000,-0.350495,G,0.592237,0.945293,-0.296119,-0.275730
1.040901,0.049190,-4.000000,0.253986,G,0.228898,0.860867,-0.114449,0.077883
1.049924,-0.029883,-30.000000,-0.451782,O,-0.697296,-0.212971,0.048467,-0.641940
1.045526,0.035875,-8.000000,-0.348211,G,1.000000,0.767865,-0.580494,-0.266758
1.092796,0.121226,32.000000,-0.398211,O,-0.697804,-0.214291,0.897244,-0.444523
1.050486,-0.019634,-24.000000,-0.299736,R,-0.400000,0.247237,0.201087,-0.086955
1.048867,-0.017788,-26.000000,-0.149129,O,-0.565527,0.129631,0.349627,0.453188
1.094648,0.125298,32.000000,0.495315,O,-0.740257,-0.324667,0.004461,-0.801959
1.050431,0.021359,-12.000000,-0.053972,G,0.831799,0.637583,-0.415899,0.805518
1.048239,-0.025579,-26.000000,0.248491,O,-0.577143,0.099428,0.748566,0.096123
1.055295,0.065467,4.000000,-0.397458,G,0.402806,0.803810,-0.201403,-0.445794
1.051875,-0.039306,-32.000000,0.146233,O,-0.683459,-0.176992,0.646976,0.465541
1.105305,0.126782,36.000000,-0.004559,O,-0.807515,-0.499540,0.503750,0.986362
1.072774,0.091439,18.000000,-0.448293,L,-0.400000,0.250136,0.948473,-0.630812
0.998933,-0.003206,-36.000000,0.400703,O,-0.730071,-0.298185,0.900088,-0.454864
1.047765,-0.004697,-22.000000,-0.096476,R,-0.400000,0.272061,0.404017,0.650971
1.054742,0.143068,6.000000,0.299088,G,1.000000,0.596488,-0.702814,-0.088369
1.070773,0.090293,16.000000,0.199244,G,1.000000,0.449968,-0.749471,0.274766
1.095396,0.120561,32.000000,0.196174,O,-0.745798,-0.339076,0.303540,0.285601
1.044822,-0.000662,-20.000000,-0.449734,R,-0.400000,0.383449,0.050636,-0.634050
1.049131,-0.009111,-22.000000,0.304157,R,-0.400000,0.366071,0.804270,-0.106435
1.069684,0.097020,16.000000,0.303140,G,1.000000,0.368953,-0.934316,-0.102797
1.050201,0.020372,-14.000000,0.102571,G,0.608013,0.593675,-0.304006,0.627933
1.049286,-0.007871,-22.000000,0.395011,R,-0.400000,0.287430,0.894862,-0.435860
1.134254,0.183212,36.000000,0.098000,O,-0.825775,-0.547014,0.402341,0.644876
1.057350,0.073276,4.000000,-0.299373,D,-0.300000,0.702127,1.000000,-0.089004
1.089163,0.110858,28.000000,0.304466,O,-0.601091,0.037163,0.195652,-0.106719
1.046302,0.011795,-16.000000,-0.499333,G,1.000000,0.534100,-0.965326,-0.816093
1.072301,0.101570,20.000000,-0.354115,L,-0.400000,0.252367,0.853833,-0.286664
1.092713,0.171405,24.000000,0.353337,O,-0.605046,0.026879,0.146592,-0.285121
1.007945,0.019854,-30.000000,-0.148648,O,-0.643579,-0.073306,0.351103,0.458555
1.047027,0.067097,0.000000,-0.195249,G,0.291931,0.951128,-0.145966,0.291501
1.058765,0.077815,8.000000,-0.147752,G,0.550599,0.577705,-0.275300,0.465471
1.053854,0.067544,4.000000,-0.404968,G,0.407731,0.798036,-0.203866,-0.475742
1.022545,0.095729,-10.000000,-0.247092,G,1.000000,0.667687,-0.579547,0.100969
1.097429,0.124013,34.000000,0.396652,O,-0.765375,-0.389976,0.103289,-0.442586
1.066502,0.090370,12.000000,0.045254,G,1.000000,0.461606,-0.583938,0.834384
1.043080,-0.004332,-22.000000,-0.152606,R,-0.400000,0.330457,0.346545,0.441981
1.015805,0.072573,-14.000000,-0.247991,G,1.000000,0.607839,-0.640126,0.098311
1.046829,0.000591,-18.000000,0.248413,G,0.592126,0.455279,-0.296063,0.095791
1.099809,0.126859,34.000000,-0.149848,O,-0.788328,-0.449654,0.649656,0.455796
1.046437,-0.011451,-22.000000,0.052127,R,-0.400000,0.282683,0.551979,0.810987
1.000966,0.027255,-28.000000,0.050986,O,-0.597695,0.045992,0.550638,0.815862
1.099423,0.126400,34.000000,0.299929,O,-0.767264,-0.394888,0.200194,-0.090204
1.089685,0.117848,28.000000,-0.154769,O,-0.680772,-0.170008,0.654514,0.438130
1.045942,0.051115,-2.000000,-0.300051,G,0.644785,0.977477,-0.322393,-0.090435
1.057273,0.087371,12.000000,0.295757,G,1.000000,0.547054,-0.748337,-0.074151
1.092583,0.120862,30.000000,0.295516,O,-0.647173,-0.082649,0.203811,-0.077053
1.056714,0.083876,10.000000,0.247242,G,1.000000,0.606882,-0.640103,0.101872
1.070986,0.104427,22.000000,0.150956,O,-0.563814,0.134085,0.349725,0.453544
1.055049,0.081829,10.000000,-0.046649,G,0.724249,0.590920,-0.362124,0.829253
1.058394,0.092788,14.000000,0.301079,G,1.000000,0.486374,-0.814748,-0.094987
1.049387,-0.032214,-28.000000,0.402303,O,-0.618129,-0.007135,0.902076,-0.462094
1.042207,0.034593,-8.000000,-0.446167,G,1.000000,0.759702,-0.686321,-0.621901
1.099264,0.117363,32.000000,-0.000816,O,-0.744326,-0.335247,0.500215,0.999219
1.077878,0.109269,24.000000,-0.445148,O,-0.595331,0.052140,0.944666,-0.616966
1.046777,0.011711,-16.000000,-0.195117,G,1.000000,0.497798,-0.697709,0.289067
1.090493,0.116028,30.000000,0.448054,O,-0.632390,-0.044213,0.050809,-0.633420
1.068226,0.090982,18.000000,0.204045,L,-0.400000,0.327699,0.295546,0.256530
1.019838,0.095063,-10.000000,-0.198653,G,0.878125,0.759402,-0.439062,0.278311
1.087569,0.113405,28.000000,0.249272,O,-0.592448,0.059635,0.249898,0.090537
1.080762,0.161747,18.000000,0.097753,L,-0.400000,0.364799,0.402208,0.644391
1.050432,0.065304,2.000000,-0.347686,G,0.452932,0.879108,-0.226466,-0.263120
1.051879,0.068112,2.000000,0.350747,G,0.933604,0.883674,-0.466802,-0.274457
1.045053,0.033823,-8.000000,0.197904,D,-0.300000,0.818031,1.000000,0.279958
1.045508,0.065856,0.000000,-0.200821,G,0.332999,0.965566,-0.166500,0.269333
1.041563,-0.021349,-24.000000,0.003355,O,-0.550975,0.167466,0.504080,0.985164
1.048797,-0.016863,-24.000000,0.047126,O,-0.578799,0.095124,0.547677,0.826629
1.048746,0.062439,0.000000,-0.445535,G,0.682602,0.895971,-0.341301,-0.619381
1.105477,0.128825,36.000000,-0.402524,O,-0.810201,-0.506524,0.902256,-0.462750
1.060843,0.082671,12.000000,-0.352836,G,0.333533,0.480812,-0.166766,-0.281532
1.078153,0.105706,24.000000,0.049696,O,-0.618359,-0.007734,0.450021,0.818259
1.085873,0.109836,26.000000,-0.148848,O,-0.634223,-0.048979,0.649545,0.456201
1.056600,0.152876,12.000000,0.051911,G,1.000000,0.536988,-0.514982,0.811018
1.058085,0.075144,6.000000,0.246083,G,1.000000,0.723417,-0.522820,0.104593
1.048958,0.021272,-12.000000,-0.351736,G,1.000000,0.627026,-0.724451,-0.278099
1.111594,0.179055,28.000000,-0.099180,O,-0.713960,-0.256296,0.598826,0.640633
1.046893,0.012815,-14.000000,-0.147838,G,1.000000,0.405080,-0.742183,0.464495
1.045272,0.002305,-18.000000,0.451311,D,-0.300000,0.446667,1.000000,-0.642965
1.078423,0.103174,24.000000,-0.395611,O,-0.616862,-0.003841,0.895621,-0.438621
1.060443,0.086347,10.000000,-0.245365,G,0.324873,0.592012,-0.162436,0.107084
1.094496,0.122858,32.000000,-0.202818,O,-0.762618,-0.382807,0.703344,0.260568
1.049713,0.050762,-4.000000,-0.496170,G,1.000000,0.904039,-0.592346,-0.805037
1.039308,0.024783,-10.000000,-0.053575,G,0.900372,0.603084,-0.450186,0.806291
1.000539,0.008118,-30.000000,-0.352546,O,-0.665784,-0.131039,0.147501,-0.281813
1.104166,0.118462,34.000000,-0.504980,O,-0.756404,-0.366652,1.003541,-0.831058
1.078796,0.105952,22.000000,-0.050069,O,-0.586551,0.074968,0.550043,0.818025
1.048286,0.056045,-2.000000,0.246784,G,0.419500,0.962712,-0.209750,0.101679
1.080962,0.107946,24.000000,0.498921,O,-0.602092,0.034562,0.000488,-0.816409
1.058433,0.078028,6.000000,0.200200,G,1.000000,0.655516,-0.544695,0.271959
1.101160,0.119210,34.000000,0.149452,O,-0.791859,-0.458834,0.350700,0.457092
1.038602,-0.050884,-34.000000,-0.101748,G,0.993533,0.605625,-0.496767,0.627665
1.093182,0.177617,28.000000,0.395001,O,-0.642981,-0.071750,0.104878,-0.436806
1.046636,-0.027895,-28.000000,0.304870,O,-0.645497,-0.078293,0.804314,-0.106597
1.090793,0.121607,32.000000,0.150967,O,-0.712781,-0.253231,0.350852,0.457643
1.088416,0.121137,30.000000,-0.098562,O,-0.691207,-0.197138,0.598638,0.641318
1.056782,0.069644,6.000000,-0.397651,G,0.272154,0.738782,-0.136077,-0.444708
1.048549,0.027952,-12.000000,-0.454542,G,1.000000,0.590962,-0.863260,-0.651718
1.073483,0.103580,22.000000,0.146820,O,-0.579746,0.092661,0.353781,0.468294
1.052339,-0.055841,-36.000000,-0.495828,O,-0.719834,-0.271568,0.004203,-0.802900
1.052660,-0.048520,-34.000000,0.304850,O,-0.715209,-0.259543,0.804847,-0.108536
1.054109,0.060892,0.000000,-0.248815,G,0.483103,0.993214,-0.241552,0.096953
1.053835,-0.048678,-34.000000,0.254033,O,-0.716125,-0.261926,0.754603,0.074171
1.067368,0.096230,16.000000,-0.502198,D,-0.300000,0.397524,1.000000,-0.826479
1.099151,0.116786,32.000000,-0.252358,O,-0.691005,-0.196613,0.752341,0.082396
1.074628,0.160731,16.000000,-0.098253,L,-0.400000,0.354686,0.598444,0.642022
1.108812,0.183177,28.000000,-0.297300,O,-0.690776,-0.196018,0.796217,-0.077153
1.042804,0.039530,-8.000000,-0.346588,G,1.000000,0.809443,-0.536494,-0.257952
1.062958,0.101783,18.000000,-0.447545,G,0.364691,0.370365,-0.182346,-0.626507
1.051961,-0.048387,-36.000000,0.495244,O,-0.735632,-0.312644,0.995941,-0.803421
1.101348,0.124212,34.000000,0.149795,O,-0.758701,-0.372622,0.350288,0.455591
1.049909,0.033705,-8.000000,-0.349008,G,1.000000,0.809770,-0.539557,-0.270279
1.104035,0.128429,36.000000,0.052633,O,-0.807628,-0.499832,0.446682,0.806117
1.057066,0.081019,12.000000,0.145745,G,1.000000,0.480586,-0.665281,0.469578
1.071831,0.102371,24.000000,0.249159,O,-0.556477,0.153159,0.251196,0.095257
1.055607,0.084130,10.000000,-0.248206,G,0.528058,0.488225,-0.264029,0.099103
1.059148,0.090639,14.000000,0.202199,G,1.000000,0.439023,-0.764020,0.261659
1.043462,-0.025229,-28.000000,-0.503169,O,-0.634328,-0.049252,-0.002761,-0.828221
1.093656,0.123429,32.000000,0.148600,O,-0.743072,-0.331987,0.351754,0.460925
1.075016,0.099849,20.000000,-0.202551,O,-0.550403,0.168951,0.702524,0.263550
1.043500,0.046287,-6.000000,0.199797,D,-0.300000,0.824894,1.000000,0.270371
1.043388,0.139729,6.000000,0.149264,G,0.822626,0.737749,-0.411313,0.457955
1.038951,0.015892,-14.000000,0.446867,D,-0.300000,0.569785,1.000000,-0.624931
1.108228,0.124149,36.000000,0.249906,O,-0.806065,-0.495770,0.249566,0.089330
1.047441,-0.044503,-34.000000,-0.154565,O,-0.711003,-0.248608,0.345394,0.437797
1.080538,0.107252,22.000000,0.303460,O,-0.573636,0.108546,0.196692,-0.102937
1.055161,0.063287,2.000000,-0.500118,G,0.715391,0.857226,-0.357695,-0.819888
1.049995,-0.036599,-32.000000,0.403906,O,-0.652982,-0.097754,0.903101,-0.465821
1.079637,0.111253,24.000000,0.097204,O,-0.595104,0.052729,0.403415,0.648784
1.070011,0.094799,18.000000,-0.448082,L,-0.400000,0.326038,0.948873,-0.632264
1.016565,0.099200,-8.000000,0.447373,G,0.419722,0.762542,-0.209861,-0.626616
1.105786,0.122499,36.000000,0.245732,O,-0.778668,-0.424537,0.253739,0.104507
1.040422,0.012927,-16.000000,0.098669,G,0.861540,0.470401,-0.430770,0.640623
1.046448,0.023300,-12.000000,-0.197425,G,1.000000,0.439160,-0.758103,0.282678
1.089723,0.111632,28.000000,-0.250197,O,-0.663354,-0.124720,0.748587,0.096048
1.052164,0.059606,0.000000,0.501307,G,1.000000,0.951415,-0.550725,-0.825964
1.048132,0.023402,-12.000000,-0.150110,G,1.000000,0.550904,-0.599128,0.454430
1.046918,-0.023600,-26.000000,-0.053721,O,-0.573658,0.108490,0.445831,0.803020
1.073255,0.100744,22.000000,-0.246671,O,-0.568027,0.123130,0.746979,0.101894
1.055460,0.064232,2.000000,-0.502083,G,0.847708,0.922363,-0.423854,-0.823603
1.046562,-0.019193,-26.000000,0.400762,O,-0.591146,0.063020,0.900936,-0.457949
1.051489,0.063486,2.000000,0.154896,G,0.416308,0.947253,-0.208154,0.434885
1.076978,0.099282,22.000000,-0.498840,O,-0.569533,0.119213,0.999028,-0.814647
1.052598,-0.033785,-30.000000,-0.049205,O,-0.638805,-0.060894,0.451280,0.822835
1.049571,-0.007160,-20.000000,-0.353904,R,-0.400000,0.377834,0.146011,-0.287231
1.048563,0.020867,-12.000000,-0.349632,G,1.000000,0.635386,-0.714305,-0.271601
1.055174,0.078222,8.000000,-0.095709,G,0.466207,0.671101,-0.233103,0.651651
1.056217,0.080670,8.000000,0.149665,G,0.991332,0.654624,-0.495666,0.453491
1.046832,0.057253,-2.000000,0.046072,D,-0.300000,0.973961,1.000000,0.831846
1.051878,0.133498,4.000000,-0.404518,G,0.688045,0.939432,-0.344022,-0.471238
1.051246,-0.016014,-24.000000,-0.250023,O,-0.618435,-0.007931,0.249291,0.088331
1.048990,0.064432,0.000000,-0.251358,G,0.248168,0.872294,-0.124084,0.084401
1.049418,-0.044213,-34.000000,-0.097949,O,-0.703651,-0.229492,0.402144,0.644160
1.096099,0.125487,34.000000,-0.045354,O,-0.739245,-0.322038,0.545636,0.834049
1.060632,0.086513,10.000000,0.000948,G,0.807096,0.596526,-0.403548,0.999732
1.046203,-0.000046,-18.000000,-0.146771,R,-0.400000,0.318174,0.352991,0.465420
1.065817,0.158834,14.000000,0.300689,G,1.000000,0.436800,-0.864154,-0.094379
1.096934,0.121145,32.000000,-0.451414,O,-0.729952,-0.297876,0.951412,-0.641499
1.088608,0.113292,28.000000,0.047927,O,-0.612673,0.007049,0.452365,0.826783
1.043109,-0.017941,-24.000000,0.203245,O,-0.559062,0.146438,0.703560,0.259783
1.056079,0.070504,2.000000,0.095278,G,0.423532,0.883452,-0.211766,0.653752
1.097894,0.123921,32.000000,-0.397849,O,-0.737387,-0.317206,0.897199,-0.444362
1.050897,0.066820,2.000000,-0.100708,D,-0.300000,0.920498,1.000000,0.633321
1.046796,0.035670,-8.000000,-0.295632,G,0.949700,0.820415,-0.474850,-0.073692
1.064137,0.086375,10.000000,0.498333,G,1.000000,0.597940,-0.900328,-0.811884
1.046308,-0.003872,-22.000000,-0.346100,O,-0.551137,0.167043,0.153600,-0.259638
1.045636,-0.005065,-22.000000,-0.503698,R,-0.400000,0.384620,-0.003556,-0.831114
1.041600,0.006657,-16.000000,-0.052654,G,1.000000,0.543527,-0.509246,0.808099
1.101653,0.125072,34.000000,-0.453798,O,-0.745679,-0.338766,0.953245,-0.648163
1.044007,-0.021378,-26.000000,-0.195699,O,-0.600423,0.038901,0.303758,0.286394
1.055739,0.078014,6.000000,-0.195925,D,-0.300000,0.762127,1.000000,0.287539
1.046876,0.059658,0.000000,-0.197660,G,0.323742,0.964857,-0.161871,0.283584
1.047800,0.066760,2.000000,-0.500119,G,0.942738,0.970990,-0.471369,-0.819560
1.049858,0.071881,4.000000,-0.249654,G,0.246892,0.873422,-0.123446,0.090824
1.053559,0.060726,0.000000,-0.295421,G,0.566545,0.988635,-0.283272,-0.071409
1.079258,0.110231,24.000000,-0.046063,O,-0.599471,0.041375,0.545650,0.834000
1.046446,0.058916,-2.000000,0.201524,G,0.366213,0.982145,-0.183106,0.269230
1.077291,0.100864,22.000000,-0.399405,O,-0.574215,0.107042,0.899022,-0.450991
1.070580,0.157072,16.000000,0.302382,L,-0.400000,0.351472,0.196945,-0.102018
1.007732,0.039753,-24.000000,0.499685,O,-0.603355,0.031277,1.000355,-0.819473
1.050813,-0.029739,-30.000000,-0.350880,O,-0.663598,-0.125355,0.149298,-0.275280
1.046168,0.057936,0.000000,-0.404622,G,0.701429,0.945900,-0.350714,-0.472051
1.064980,0.097428,16.000000,-0.447509,G,0.369152,0.368727,-0.184576,-0.624353
1.094436,0.121920,34.000000,-0.002510,O,-0.770248,-0.402646,0.502117,0.992302
1.052058,0.051047,-4.000000,-0.399330,G,0.963433,0.917163,-0.481716,-0.450470
1.061809,0.079085,10.000000,0.095923,G,0.988730,0.600837,-0.494365,0.653811
1.051703,-0.046254,-34.000000,0.002065,O,-0.722983,-0.279755,0.502434,0.991149
1.049111,0.014925,-14.000000,0.450062,D,-0.300000,0.561894,1.000000,-0.635718
1.047626,0.020343,-14.000000,-0.095779,G,1.000000,0.536228,-0.558793,0.654469
1.021034,0.096376,-8.000000,0.050092,G,0.836597,0.531714,-0.418298,0.818228
1.081976,0.108441,28.000000,-0.150386,O,-0.671967,-0.147113,0.649843,0.455117
1.059644,0.083506,12.000000,0.146312,G,1.000000,0.460251,-0.686035,0.468050
1.072255,0.093303,18.000000,-0.095449,L,-0.400000,0.381007,0.595445,0.652927
1.044858,0.034215,-10.000000,-0.351017,G,1.000000,0.704124,-0.646895,-0.276434
1.098472,0.125180,32.000000,-0.498966,O,-0.704855,-0.232623,0.998531,-0.812838
1.045712,0.036315,-8.000000,-0.496456,G,1.000000,0.530379,-0.966297,-0.806093
1.068438,0.085246,14.000000,0.403192,G,1.000000,0.388692,-1.000000,-0.465922
1.049775,0.007329,-18.000000,-0.500597,G,1.000000,0.398950,-1.000000,-0.819259
1.095264,0.125799,34.000000,-0.151938,O,-0.764630,-0.388037,0.651922,0.447557
1.046016,-0.005308,-20.000000,-0.054878,R,-0.400000,0.382828,0.445057,0.800208
1.042814,-0.023381,-26.000000,-0.148305,O,-0.590705,0.064168,0.351678,0.460646
1.069070,0.097519,16.000000,-0.453721,D,-0.300000,0.374460,1.000000,-0.649474
1.040273,-0.003078,-20.000000,0.150269,G,0.958632,0.369757,-0.479316,0.451175
1.055219,0.074425,6.000000,-0.297938,D,-0.300000,0.731897,1.000000,-0.081823
1.049729,-0.007884,-22.000000,0.349868,R,-0.400000,0.381388,0.850330,-0.273927
1.049865,-0.044765,-34.000000,-0.252892,O,-0.699315,-0.218220,0.246323,0.077537
1.059103,0.080317,8.000000,-0.249295,D,-0.300000,0.689917,1.000000,0.090007
1.046572,0.038728,-8.000000,0.002555,G,0.279757,0.857348,-0.139879,0.989915
1.047095,-0.026530,-28.000000,-0.399472,O,-0.658147,-0.111182,0.100471,-0.452834
0.997706,0.007795,-32.000000,0.147735,O,-0.669410,-0.140465,0.647673,0.463006
1.094377,0.120432,34.000000,-0.046018,O,-0.754634,-0.362048,0.546084,0.832423
1.071372,0.108375,22.000000,-0.497204,O,-0.553351,0.161288,0.998361,-0.812222
1.051716,0.049099,-4.000000,-0.303314,G,0.868141,0.869164,-0.434071,-0.102671
1.041804,0.008542,-18.000000,0.398070,G,0.418901,0.393227,-0.209451,-0.444810
1.049348,-0.036614,-30.000000,0.496523,O,-0.638005,-0.058814,0.996251,-0.804549
1.046296,-0.024329,-28.000000,-0.452539,O,-0.605046,0.026880,0.047158,-0.646699
1.051173,0.068827,2.000000,-0.003910,G,0.251169,0.869803,-0.125585,0.983226
1.049355,-0.019748,-24.000000,-0.250106,O,-0.571511,0.114071,0.249701,0.089821
1.040719,-0.003834,-20.000000,0.095776,G,1.000000,0.378037,-0.526393,0.652473
1.050309,0.050817,-2.000000,-0.498346,G,1.000000,0.968419,-0.529819,-0.811774
1.055737,-0.052734,-36.000000,-0.305180,O,-0.581204,0.088871,0.195287,-0.108048
1.051741,-0.029072,-28.000000,-0.051912,O,-0.615542,-0.000409,0.446477,0.805372
1.051547,-0.044309,-34.000000,0.354690,O,-0.693056,-0.201945,0.854224,-0.288086
1.091705,0.120033,30.000000,0.498135,O,-0.694551,-0.205833,0.001615,-0.812311
1.096191,0.117944,34.000000,0.101791,O,-0.798969,-0.477319,0.398228,0.629920
1.094023,0.124435,32.000000,-0.148386,O,-0.658787,-0.112847,0.649114,0.457767
1.049651,-0.044031,-34.000000,-0.446317,O,-0.697983,-0.214757,0.054050,-0.621636
1.052711,-0.040066,-34.000000,-0.050961,O,-0.715282,-0.259733,0.449066,0.814786
1.051400,0.065185,4.000000,0.201262,G,0.778205,0.812925,-0.389103,0.265354
1.048108,0.019777,-14.000000,-0.099034,G,1.000000,0.529869,-0.568380,0.642731
1.084536,0.112166,28.000000,-0.002381,O,-0.666460,-0.132795,0.502205,0.991982
1.060501,0.083572,12.000000,0.103721,G,1.000000,0.585218,-0.518368,0.623322
1.054691,0.077957,8.000000,-0.404196,G,0.313154,0.752680,-0.156577,-0.468716
1.048340,0.046493,-4.000000,-0.400550,G,0.895642,0.952175,-0.447821,-0.454529
1.028832,0.124817,0.000000,-0.497209,G,0.923961,0.964659,-0.461980,-0.808442
1.040658,0.027526,-12.000000,-0.196435,G,1.000000,0.603625,-0.592967,0.285119
1.097592,0.125479,34.000000,0.100965,O,-0.773951,-0.412274,0.399213,0.633503
1.077056,0.104110,22.000000,0.453759,O,-0.568642,0.121531,0.046406,-0.649433
1.048007,0.038798,-6.000000,-0.196325,G,0.883568,0.754166,-0.441784,0.287455
1.047696,-0.043538,-32.000000,-0.396931,O,-0.678337,-0.163677,0.103198,-0.442918
1.049580,-0.049714,-36.000000,0.499589,O,-0.762074,-0.381393,1.001018,-0.821883
1.069056,0.097608,18.000000,-0.100731,L,-0.400000,0.304302,0.600711,0.633778
1.011042,0.057108,-18.000000,-0.352252,G,1.000000,0.395565,-0.956692,-0.280935
1.105679,0.122628,36.000000,-0.051074,O,-0.807577,-0.499701,0.550522,0.816283
1.055689,-0.046312,-34.000000,-0.053713,O,-0.689339,-0.192281,0.446077,0.803917
1.055401,0.082594,8.000000,0.304716,G,1.000000,0.661985,-0.642935,-0.108799